hexID,Wetlands,Open Water,Cultivated
AF-58,0.074576477,0.152352813,0.539948915
AD-57,0.021964662,0.045877104,0.735883559
AE-57,0.075170894,0.162286718,0.705653019
AF-57,0.101359058,0.173745212,0.592902539
AH-57,0.068105504,0.173752804,0.362904496
AD-56,0.012531214,0.049922117,0.465972122
AE-56,0.049982851,0.079526258,0.364612523
AF-56,0.061272158,0.0765388,0.526799788
AG-56,0.038780056,0.09105322,0.556103635
AH-56,0.026497299,0.068348441,0.307510876
AJ-56,0.027922058,0.037623463,0.366560349
AD-55,0.052040315,0.105473027,0.485512744
AE-55,0.024590035,0.050791427,0.315112817
AF-55,0.008012392,0.085462164,0.276552545
AG-55,0.010738134,0.020045376,0.310752744
AH-55,0.010608887,0.019326768,0.306572825
AI-55,0.019939498,0.058602445,0.26320682
AJ-55,0.022705163,0.061656424,0.674764808
AB-54,0.00360555,0.008145391,0.366371917
AC-54,0.003552065,0.00768653,0.597962176
AD-54,0.012891992,0.050102902,0.488766149
AE-54,0.044641557,0.082546588,0.34953098
AF-54,0.047992803,0.074436283,0.494980743
AG-54,0.013039154,0.040040076,0.471599297
AH-54,0.012526159,0.022535806,0.738940722
AI-54,0.019641565,0.042721305,0.68525924
AJ-54,0.094720126,0.195170348,0.613665453
AK-54,0.048489357,0.065193072,0.744917671
AL-54,0.024084554,0.078887653,0.572495911
AM-54,0.022272582,0.056350353,0.609739677
AN-54,0.016473035,0.060921304,0.515630582
AO-54,0.001640538,0.013278553,0.188888168
AP-54,0.001774575,0.008842505,0.335769337
AB-53,0.034734242,0.077432569,0.514037956
AC-53,0.019665,0.071038053,0.610462366
AD-53,0.00247177,0.031507067,0.608045336
AE-53,0.033702893,0.071139105,0.586894351
AF-53,0.0268069,0.163931873,0.510370478
AG-53,0.019251334,0.030296039,0.625684309
AH-53,0.001149993,0.004933322,0.728789553
AI-53,0.003829111,0.010130674,0.714507091
AJ-53,0.018931343,0.048281113,0.709137121
AK-53,0.019773851,0.063722354,0.609890118
AL-53,0.018868776,0.041442307,0.53099548
AM-53,0.02662248,0.044414329,0.629251355
AN-53,0.013140522,0.022702956,0.549523334
AO-53,0.014460265,0.07069366,0.201050785
AP-53,0.009463474,0.068247358,0.178683673
AQ-53,0.006118706,0.037015488,0.433585124
AR-53,0.024796312,0.054036861,0.176220637
AA-52,0.037573462,0.073649943,0.267784119
AB-52,0.002890927,0.010567343,0.645035752
AC-52,0.022507142,0.077705209,0.603729137
AD-52,0.04065485,0.045635238,0.737595553
AE-52,0.009606889,0.019594957,0.66096212
AF-52,0.024901719,0.029520149,0.584300268
AG-52,0.012425698,0.029784872,0.664999781
AH-52,0.008450102,0.010434051,0.82119837
AI-52,0.013820187,0.018073002,0.785384747
AJ-52,0.012756436,0.032861084,0.752179921
AK-52,0.005578939,0.01405104,0.823853031
AL-52,0.009598858,0.02564482,0.678314434
AM-52,0.012140835,0.034500536,0.372457698
AN-52,0.00263156,0.011207572,0.576591427
AO-52,0.000791567,0.005251797,0.243336673
AP-52,0.001188315,0.002344394,0.200581996
AQ-52,0.001181513,0.002297306,0.404195906
AR-52,0.005008198,0.025241728,0.281461315
AS-52,0.003221783,0.024953484,0.085735066
BD-52,1.17E-05,0.006937932,0.126359747
AA-51,0.031069734,0.070951012,0.165572941
AB-51,0.054022483,0.1015628,0.225154643
AC-51,0.08337621,0.098823654,0.622412318
AD-51,0.080478045,0.088302402,0.723028092
AE-51,0.057634863,0.06461614,0.747348026
AF-51,0.004392311,0.014660702,0.5957717
AG-51,0.001234856,0.006518278,0.56244184
AH-51,0.001811196,0.005464561,0.698850303
AI-51,0.047458529,0.049668056,0.757982524
AJ-51,0.004958665,0.007181363,0.75250035
AK-51,0.017577542,0.064845945,0.708520338
AL-51,0.006188727,0.025751947,0.73867379
AM-51,0.010485959,0.032472219,0.546319477
AN-51,0.002889351,0.023608901,0.551901382
AO-51,0.00040427,0.06102276,0.249721421
AP-51,0.000106194,0.000907074,0.535844921
AQ-51,2.50E-05,0.002233016,0.537867183
AR-51,0.00022861,0.008060341,0.328606763
AS-51,0.001768491,0.037530816,0.429246399
AT-51,0.000626833,0.028557059,0.283414281
AZ-51,0.000199116,0.017194766,0.542915382
BB-51,0.000470492,0.022397768,0.096235476
BD-51,0.000750726,0.028321116,0.12965738
BE-51,0.001424524,0.031148425,0.127805865
BF-51,0.001977797,0.023817636,0.133189386
Z-50,0.087511729,0.136010417,0.320207737
AA-50,0.018917595,0.038746739,0.05193312
AB-50,0.073170007,0.152062013,0.308557311
AC-50,0.017498505,0.023599676,0.613194983
AD-50,0.010168661,0.01795439,0.71870416
AE-50,0.017657078,0.187528764,0.632479138
AF-50,0.026351422,0.038934006,0.628980774
AG-50,0.000300396,0.007088169,0.674302356
AH-50,0.002724407,0.004558,0.690586022
AI-50,0.035625552,0.037239985,0.757775841
AJ-50,0.003391038,0.012891588,0.770322475
AK-50,0.015821764,0.027896735,0.68066288
AL-50,0.006798419,0.027398562,0.768482597
AM-50,0.005365675,0.01873547,0.775122563
AN-50,0.000775007,0.01429458,0.479356892
AO-50,0.000889341,0.009670293,0.182789987
AP-50,0.00016183,0.009403974,0.462436808
AQ-50,0.000288559,0.009103676,0.461576481
AR-50,0.005515634,0.012098762,0.591782225
AS-50,0.000451336,0.014114228,0.460474835
AT-50,0.002767459,0.025673232,0.258454558
AU-50,0.00667085,0.03811766,0.267871306
AV-50,0.003821588,0.049640557,0.274294699
AX-50,0.002363613,0.030379559,0.259967782
AY-50,0.000116903,0.026026414,0.313833746
AZ-50,0.000307328,0.01550894,0.451411705
BA-50,0.000176094,0.029922726,0.20773957
BB-50,0.000702254,0.00179498,0.091018417
BC-50,0.000350709,0.035209996,0.181784147
BD-50,0.000439468,0.002987193,0.189872346
BE-50,0.001664738,0.003508528,0.184004605
BF-50,0.001392677,0.032653673,0.298237774
Z-49,0.13327086,0.239216179,0.375664531
AA-49,0.082644013,0.188339865,0.454254573
AB-49,0.00340467,0.008792657,0.576199294
AC-49,0.00027111,0.007933682,0.642957479
AD-49,0.000100137,0.005389482,0.630717357
AE-49,0.001462788,0.014109495,0.658072666
AF-49,0.002146231,0.013850362,0.609122975
AG-49,0.000135554,0.003944479,0.717387289
AH-49,0.001016315,0.005361061,0.583950595
AI-49,0.001164874,0.018926975,0.764942643
AJ-49,0.013255416,0.016226638,0.761638656
AK-49,0.020719129,0.024732166,0.636543068
AL-49,0.016370093,0.055148367,0.699981766
AM-49,0.00457761,0.026272473,0.712851421
AN-49,0.001436292,0.015385213,0.484862887
AO-49,0.000168328,0.001334704,0.202374462
AP-49,0.000357204,0.079187248,0.133516668
AQ-49,0.000311331,0.008741105,0.402455792
AR-49,0.000405031,0.012541026,0.636664455
AS-49,0.001014431,0.006429201,0.437778559
AT-49,0.000461825,0.007176976,0.407406245
AU-49,0.001699664,0.0052703,0.355772081
AV-49,0.004800579,0.053641834,0.264442837
AX-49,0.003790268,0.037387047,0.12828323
AY-49,0.000411135,0.013397625,0.491119642
AZ-49,5.53E-05,0.002013203,0.657913891
BA-49,0.000493064,0.002973282,0.395921717
BB-49,6.73E-05,0.000854891,0.162771581
BC-49,0.000138538,0.0100641,0.273412513
BD-49,9.42E-05,0.003361312,0.217729015
BE-49,0.000664378,0.006978944,0.291910532
BF-49,0.00018682,0.011402002,0.19759585
BG-49,0.000414113,0.038539342,0.259863492
BH-49,0.000600819,0.019626745,0.129912851
Z-48,0.098758689,0.153988745,0.407870663
AA-48,0.014389913,0.015591072,0.704607891
AB-48,0.010395242,0.014340288,0.696229938
AC-48,0.003540473,0.015889392,0.635979066
AD-48,0.000616878,0.014972083,0.816869961
AE-48,4.65E-05,0.009018425,0.719879974
AF-48,0.001931905,0.00541806,0.686759079
AG-48,0.003975341,0.008031659,0.606090325
AH-48,0.000138423,0.009229181,0.785344048
AI-48,0.003717478,0.006121317,0.700115468
AJ-48,0.001248804,0.003946521,0.733211863
AK-48,0.017721887,0.029721425,0.718100828
AL-48,0.018294582,0.041829729,0.665893296
AM-48,0.006386705,0.021694404,0.546885825
AN-48,0.002711267,0.010772846,0.308351664
AO-48,0.000326907,0.002951157,0.210721339
AP-48,0.000287377,0.016991332,0.149602864
AQ-48,9.75E-05,0.009469811,0.091733448
AR-48,0.00175886,0.013723322,0.66097783
AS-48,0.000451372,0.002546281,0.673405763
AT-48,0.000192588,0.005601604,0.633032465
AU-48,0.000779773,0.005275462,0.432997281
AV-48,0.003082914,0.014751042,0.424357275
AW-48,0.00115617,0.024426526,0.019836337
AX-48,0.001463968,0.009697096,0.180535996
AY-48,0.000875749,0.005348965,0.589786731
AZ-48,0.000314459,0.003604992,0.779319144
BA-48,0.000346402,0.016856738,0.48184088
BB-48,0.000302423,0.008494939,0.340400914
BC-48,0.000119968,0.012865039,0.291445101
BD-48,3.76E-05,0.003025698,0.127535207
BE-48,0.000910233,0.006951963,0.145185961
BF-48,0.000207635,0.005050938,0.216182261
BG-48,0.000734792,0.007508379,0.22966312
BH-48,7.97E-05,0.030219867,0.223601438
BJ-48,3.01E-05,0.004896046,0.059455206
X-47,0.107324573,0.159419851,0.507754762
Y-47,0.074648902,0.133386472,0.536282817
Z-47,0.019913964,0.034443115,0.626004635
AA-47,0.027451276,0.030994399,0.697118099
AB-47,0.003735294,0.006410286,0.701468822
AC-47,0.002524151,0.014821838,0.768206872
AD-47,0.001084546,0.008817239,0.902271185
AE-47,0.005150951,0.014938059,0.857328329
AF-47,0.007797791,0.008476386,0.895614424
AG-47,0.00280943,0.042106725,0.70060325
AH-47,0.002865868,0.030870182,0.796741514
AI-47,0.003224647,0.009426357,0.70779954
AJ-47,0.001232977,0.003609561,0.783803475
AK-47,0.000567625,0.008553628,0.617375368
AL-47,0.017098134,0.044075257,0.431008393
AM-47,0.005236954,0.021766041,0.607229985
AN-47,0.002113044,0.021468225,0.355583662
AO-47,0.001517192,0.008399657,0.423346336
AP-47,0.000533182,0.017467778,0.447058182
AQ-47,0.000400056,0.012403251,0.507642582
AR-47,0.002156968,0.005451494,0.823113486
AS-47,0.001468881,0.004160571,0.812390834
AT-47,0.001378391,0.002817371,0.684036414
AU-47,0.000658208,0.02729599,0.291448585
AV-47,0.00144807,0.00775384,0.710285994
AW-47,0.002152742,0.016886797,0.410782732
AX-47,0.0013163,0.013294778,0.375122693
AY-47,0.001530786,0.024555974,0.51742514
AZ-47,0.000103002,0.002303903,0.827078511
BA-47,0.000620464,0.001604754,0.808582941
BB-47,0.00193733,0.013218982,0.844254734
BC-47,0.001008416,0.014603917,0.54219572
BD-47,0.000133297,0.001404167,0.416060517
BE-47,0.000520827,0.004562143,0.119430925
BF-47,0.00054227,0.006757166,0.067411101
BG-47,7.40E-05,0.00389488,0.187704557
BH-47,0.000230238,0.014252044,0.352025035
BI-47,0.000221917,0.034416803,0.161851666
BJ-47,0.000189339,0.024046072,0.074452696
W-46,0.02955123,0.063804759,0.550167483
X-46,0.017167101,0.021725372,0.695135658
Y-46,0.001092748,0.004583768,0.617949949
Z-46,0.055987971,0.082601853,0.640904738
AA-46,0.006433502,0.00860384,0.722564525
AB-46,0.002083089,0.007794046,0.834126056
AC-46,0.002133852,0.003022957,0.88034014
AD-46,0.032931657,0.068635704,0.46720864
AE-46,0.016452218,0.02963527,0.801083947
AF-46,0.005767407,0.017578238,0.769436405
AG-46,0.001956025,0.020529905,0.8701713
AH-46,0.004619152,0.004860099,0.913532333
AI-46,0.004571651,0.005444034,0.908981896
AJ-46,0.003495234,0.004844834,0.896182997
AK-46,6.99E-05,0.002013788,0.827834046
AL-46,0.013244417,0.026167064,0.660348183
AM-46,0.009243667,0.012544759,0.475633925
AN-46,0.000837203,0.019607933,0.640984819
AO-46,0.000243173,0.004477421,0.787691803
AP-46,0.001341985,0.012349313,0.483869492
AQ-46,0.000968134,0.016067675,0.340731374
AR-46,0.002380495,0.0059642,0.666773415
AS-46,0.002369427,0.00440449,0.863024629
AT-46,0.000841782,0.002581769,0.862861265
AU-46,0.003132381,0.021949462,0.603557023
AV-46,0.001669849,0.00448038,0.716875995
AW-46,0.003738795,0.008701058,0.688844104
AX-46,0.002981315,0.014812025,0.406372236
AY-46,0.003305627,0.012947418,0.431243721
AZ-46,0.001268776,0.004696912,0.817704918
BA-46,0.000144383,0.002139915,0.898527288
BB-46,0.001076625,0.005001883,0.849986199
BC-46,0.003299603,0.016169725,0.813270756
BD-46,0.002003822,0.004852481,0.632673882
BE-46,0.002959137,0.011386676,0.296676708
BF-46,0.001323677,0.010465895,0.291384356
BG-46,6.54E-05,0.00664163,0.2506919
BH-46,0.00174,0.013851379,0.14530604
BI-46,0.000177821,0.001445368,0.14067639
BJ-46,0.00013725,0.001570749,0.18861649
BK-46,6.69E-05,0.02207534,0.080249372
W-45,0.074874796,0.132693017,0.591690371
X-45,0.00027176,0.003746296,0.668652408
Y-45,0.00302804,0.005209943,0.475778737
Z-45,0.049853526,0.070006817,0.517222267
AA-45,0.020609549,0.026085945,0.748425479
AB-45,0.02627276,0.034184373,0.702369492
AC-45,0.00722542,0.012980356,0.77219422
AD-45,0.003459156,0.008120495,0.873234917
AE-45,0.006737258,0.009545086,0.892511438
AF-45,0.001361844,0.001913029,0.888998239
AG-45,0.007096822,0.024101345,0.742832792
AH-45,0.009752488,0.010963872,0.876375858
AI-45,0.003343366,0.005141286,0.888212225
AJ-45,0.004449405,0.008745277,0.894784922
AK-45,0.000183617,0.001090991,0.902568191
AL-45,0.019426852,0.035417578,0.621719137
AM-45,0.008675933,0.017615052,0.56601207
AN-45,0.001231349,0.005703819,0.740814779
AO-45,0.000442213,0.001081816,0.859849035
AP-45,0.001513856,0.003714013,0.800912612
AQ-45,0.004429735,0.02682935,0.044297348
AR-45,0.00550872,0.024979619,0.621581039
AS-45,0.002549229,0.005000528,0.843049526
AT-45,0.001073204,0.01325153,0.783014827
AU-45,0.001742845,0.004443567,0.778124613
AV-45,0.000658668,0.002777462,0.839283356
AW-45,0.00052178,0.002218713,0.839198387
AX-45,0.004572239,0.012450063,0.717635824
AY-45,0.005667682,0.02109008,0.530805013
AZ-45,0.002711421,0.023251279,0.629442715
BA-45,0.000572276,0.005441211,0.87701272
BB-45,0.002131041,0.00920585,0.628862703
BC-45,0.00369373,0.028233926,0.305214677
BD-45,0.002192474,0.005032864,0.480916417
BE-45,0.004347128,0.028027573,0.668357471
BF-45,0.004593748,0.017929743,0.348785543
BG-45,0.000524843,0.011451672,0.240696281
BH-45,0.00308452,0.009020185,0.257330916
BI-45,0.001043555,0.026878438,0.23040082
BJ-45,0.00153532,0.008470361,0.338412172
BK-45,0.000422317,0.026824801,0.122305241
BL-45,0.000181172,0.008957263,0.160853043
W-44,0.068794301,0.125080688,0.651993733
X-44,0.006885145,0.007964137,0.758196012
Y-44,0.00192726,0.004580132,0.687800797
Z-44,0.014878721,0.019981543,0.580687497
AA-44,0.165668131,0.239607035,0.414105623
AB-44,0.071518783,0.130049328,0.632268397
AC-44,0.016974063,0.024564479,0.805868977
AD-44,0.005450627,0.007137138,0.92253802
AE-44,0.016111216,0.021993089,0.856134448
AF-44,0.001409814,0.004685466,0.865866742
AG-44,0.000821124,0.037093867,0.839078122
AH-44,0.004161424,0.008216184,0.867806781
AI-44,0.000415957,0.001765505,0.74580577
AJ-44,0.002876819,0.004067121,0.916117763
AK-44,0.005182489,0.023595421,0.616252432
AL-44,0.004595807,0.013023772,0.764408079
AM-44,0.001465069,0.002201456,0.804219893
AN-44,0.001249038,0.002173449,0.892139101
AO-44,0.003529432,0.00603901,0.867586999
AP-44,0.003915591,0.004495278,0.878279675
AQ-44,0.003980946,0.016211878,0.756809512
AR-44,0.005696363,0.007330299,0.863366125
AS-44,0.007125141,0.012564897,0.679833926
AT-44,0.006299283,0.017936339,0.68911994
AU-44,0.001113841,0.003326118,0.842466165
AV-44,0.00154431,0.00303606,0.870709285
AW-44,0.002916247,0.004718682,0.818125098
AX-44,0.00344875,0.010660055,0.741887862
AY-44,0.000454468,0.004008559,0.837209661
AZ-44,0.001657144,0.004317541,0.781617138
BA-44,0.001153893,0.00343857,0.872452462
BB-44,0.001742163,0.014023871,0.704902017
BC-44,0.000472959,0.04092096,0.109450705
BD-44,0.001916837,0.003847587,0.711115646
BE-44,0.001931882,0.008052589,0.414122149
BF-44,0.001437617,0.002182704,0.335808714
BG-44,0.005103943,0.023694127,0.350808651
BH-44,0.005923645,0.020854878,0.334406144
BI-44,0.002236916,0.025063626,0.235444641
BJ-44,0.003765704,0.045023041,0.228890184
BK-44,0.000289632,0.011568325,0.282028963
BL-44,0.000890402,0.023646659,0.184534216
J-43,0.006009498,0.0171631,0.802522401
L-43,0.013573794,0.021026074,0.661206124
N-43,0.01391163,0.019658077,0.710185779
V-43,0.022409618,0.035409001,0.590553657
W-43,0.058828183,0.121903361,0.620185484
X-43,0.00293235,0.004663122,0.840923099
Y-43,0.018621266,0.020850234,0.60374783
Z-43,0.004255319,0.007779109,0.77132718
AA-43,0.004551074,0.013878139,0.642960959
AB-43,0.02310701,0.092759565,0.513418907
AC-43,0.032628034,0.071410955,0.759535964
AD-43,0.011385444,0.020324147,0.77800329
AE-43,0.002094039,0.003274457,0.892564919
AF-43,0.001014794,0.003690301,0.722852318
AG-43,3.26E-05,0.00380181,0.876758395
AH-43,0,0.000440477,0.923400546
AI-43,0.002626036,0.004327608,0.885428526
AJ-43,0.003673232,0.007660867,0.89243501
AK-43,0.003955365,0.00481779,0.871763969
AL-43,0.000119848,0.000499627,0.929896541
AM-43,0.003623419,0.013111626,0.715498026
AN-43,0.007022721,0.019072789,0.596204431
AO-43,0.00593458,0.008262809,0.788008612
AP-43,0.006929302,0.008644506,0.861368833
AQ-43,0.005017923,0.005990485,0.848272578
AR-43,0.002256869,0.006263201,0.894126382
AS-43,0.004220627,0.007313581,0.845414315
AT-43,0.004684905,0.008367458,0.809480007
AU-43,0.005908293,0.007913918,0.824350421
AV-43,0.003396188,0.004158852,0.849215157
AW-43,7.29E-05,0.001368102,0.873290843
AX-43,0.001441281,0.010348896,0.786656166
AY-43,0.002700519,0.005331236,0.80537808
AZ-43,0.005016452,0.043828192,0.701613732
BA-43,0.001144734,0.005444469,0.784157061
BB-43,0.005092789,0.011992647,0.855812737
BC-43,0.003459054,0.026780521,0.63566548
BD-43,0.002801617,0.006867076,0.602008448
BE-43,0.002754808,0.010243667,0.583262369
BF-43,0.001473983,0.008358276,0.298616137
BG-43,0.006700822,0.018520328,0.327755519
BH-43,0.000695735,0.002051407,0.53918529
BI-43,0.002824613,0.017034544,0.243755914
BJ-43,0.001811696,0.016465575,0.265410309
BK-43,0.001704682,0.007871939,0.263523061
BL-43,0.000406231,0.02577464,0.126287954
F-42,0.052479966,0.071315392,0.712210428
G-42,0.117678019,0.159733437,0.63906025
H-42,0.039519999,0.047337176,0.81148191
I-42,0.009797291,0.013461319,0.783830174
J-42,0.010534713,0.015015335,0.801733636
K-42,0.010915418,0.016130267,0.743162051
L-42,0.013025013,0.01847574,0.79141487
M-42,0.007790281,0.016169362,0.766429012
N-42,0.011686586,0.025354108,0.672987171
O-42,0.011115415,0.015588444,0.693902062
P-42,0.008976945,0.01427096,0.811761553
Q-42,0.005531886,0.017471825,0.72284347
R-42,0.029066706,0.035338607,0.708817334
S-42,0.010589084,0.015063675,0.754900185
T-42,0.016550879,0.020598878,0.749500465
U-42,0.037143299,0.047301402,0.633683546
V-42,0.007646329,0.018768689,0.666106657
W-42,0.023197591,0.108289785,0.474144205
X-42,0.079907534,0.163060769,0.513709203
Y-42,0.000596612,0.001037043,0.821334974
Z-42,0.000311876,0.002600012,0.885072891
AA-42,0.005411678,0.010126788,0.647778635
AB-42,0.004700045,0.024351217,0.694791711
AC-42,0.04409755,0.096825632,0.546698736
AD-42,0.028415066,0.095280037,0.230351509
AE-42,0.001741437,0.006251991,0.775688922
AF-42,0.000802405,0.011929501,0.806538971
AG-42,0.000373274,0.000982381,0.903087863
AH-42,0.001739586,0.00374246,0.9191986
AI-42,0.000246769,0.001396275,0.931837101
AJ-42,0.008856159,0.010265058,0.892520926
AK-42,0.00952549,0.01030952,0.905994546
AL-42,0.000166126,0.000741298,0.933834846
AM-42,0.00054506,0.001786674,0.92388208
AN-42,0.000264858,0.001601685,0.911170735
AO-42,0.008400986,0.024917146,0.752880762
AP-42,0.003596683,0.014063891,0.761253934
AQ-42,0.005143087,0.008215194,0.791846342
AR-42,0.002607815,0.030906686,0.737231265
AS-42,0.004107565,0.010261104,0.725349143
AT-42,0.005195249,0.008185455,0.86122495
AU-42,0.008302592,0.01155116,0.853730075
AV-42,0.004251798,0.005248533,0.867410666
AW-42,0.011344966,0.10269193,0.734959799
AX-42,0.00462323,0.010797985,0.766443811
AY-42,0.001300993,0.006128569,0.823723996
AZ-42,0.001280412,0.002209768,0.855326011
BA-42,0.002417685,0.004418366,0.83050281
BB-42,0.007832726,0.01882017,0.821555512
BC-42,0.004790047,0.006600176,0.759551201
BD-42,0.001598536,0.012711493,0.552105992
BE-42,0.002049081,0.014799613,0.451460048
BF-42,0.00852709,0.01737859,0.549717592
BG-42,0.009951834,0.017968589,0.538579755
BH-42,0.006787529,0.012756981,0.644131945
BI-42,0.017223688,0.043951015,0.273361227
BJ-42,0.005436691,0.014205293,0.441128901
BK-42,0.000612231,0.004938457,0.213485954
BL-42,0.001488835,0.026612525,0.170440209
F-41,0.042509815,0.066649204,0.724345784
G-41,0.057521428,0.069014705,0.718208697
H-41,0.009021776,0.013688103,0.871317003
I-41,0.004470955,0.007163279,0.852386135
J-41,0.010954901,0.016265076,0.818395143
K-41,0.003790029,0.007144441,0.886907729
L-41,0.007500596,0.011489972,0.865863531
M-41,0.009596105,0.017932544,0.781107531
N-41,0.007464182,0.012788527,0.734997862
O-41,0.007628762,0.010027002,0.806898439
P-41,0.038089963,0.04840583,0.746867524
Q-41,0.025878893,0.111647546,0.615831479
R-41,0.008237544,0.017025836,0.55676173
S-41,0.015625491,0.025234162,0.619177397
T-41,0.015834391,0.029730907,0.616786916
U-41,0.008610061,0.028667178,0.592872285
V-41,0.018998428,0.028678332,0.629058016
W-41,0.008155588,0.018357151,0.6464727
X-41,0.031195261,0.059059219,0.581497777
Y-41,0.023232006,0.042828162,0.767153124
Z-41,0.000250911,0.002103549,0.833199462
AA-41,0.002509911,0.005848597,0.724530925
AB-41,0.003331303,0.018878435,0.619767519
AC-41,0.002450129,0.010105601,0.664219159
AD-41,0.03305133,0.115493442,0.614438495
AE-41,5.03E-05,0.001668543,0.79516547
AF-41,4.58E-05,0.000516026,0.927511761
AG-41,0.000831911,0.004709971,0.909115642
AH-41,0.001781637,0.008368485,0.883663386
AI-41,0.000190287,0.000827196,0.935327725
AJ-41,0.001496004,0.002154057,0.919012195
AK-41,0.013304313,0.018692088,0.862817747
AL-41,0.005804091,0.015302411,0.820565544
AM-41,0.002973827,0.004949039,0.895115596
AN-41,0.000440281,0.001888948,0.890688764
AO-41,0.001085104,0.016166471,0.80275805
AP-41,0.004932988,0.00585457,0.887477059
AQ-41,0.004653394,0.014350192,0.725493804
AR-41,0.006511101,0.01116324,0.815055382
AS-41,0.00694629,0.035607403,0.689539991
AT-41,0.00569204,0.0196373,0.73753811
AU-41,0.004128137,0.006888092,0.826928037
AV-41,0.001871589,0.003216104,0.874731334
AW-41,0.000633763,0.003305634,0.858469469
AX-41,0.005775686,0.010707111,0.853657382
AY-41,0.001695272,0.010085141,0.699287294
AZ-41,0.001357135,0.003777884,0.821846082
BA-41,0.003412577,0.004956887,0.840447063
BB-41,0.006441646,0.014196238,0.778023605
BC-41,0.001501839,0.005625213,0.804463686
BD-41,0.004298659,0.012457274,0.769171167
BE-41,0.008388349,0.022870595,0.433687382
BF-41,0.012160616,0.016580793,0.618690674
BG-41,0.012349795,0.022837606,0.638243634
BH-41,0.015668693,0.038826923,0.466459623
BI-41,0.005085865,0.013530855,0.229535447
BJ-41,0.018447302,0.045969919,0.536775462
BK-41,0.004126545,0.012738192,0.487707644
BL-41,0.016072553,0.036369576,0.412247964
F-40,0.044144422,0.092209827,0.331321473
G-40,0.006029944,0.012395588,0.766643706
H-40,0.0083218,0.01176207,0.870388409
I-40,0.008560882,0.014917408,0.830565484
J-40,0.005966862,0.008441004,0.883225887
K-40,0.007757818,0.017034262,0.883278015
L-40,0.009858291,0.025348075,0.875368256
M-40,0.01137949,0.018993265,0.756002895
N-40,0.008711294,0.012097607,0.687974537
O-40,0.011186189,0.015392095,0.667742952
P-40,0.010107976,0.012861808,0.685265491
Q-40,0.010047554,0.012758572,0.594967197
R-40,0.014899047,0.031005781,0.712276459
S-40,0.018274153,0.035341643,0.578411796
T-40,0.02319713,0.025550531,0.741125882
U-40,0.008793335,0.013855877,0.725796159
V-40,0.026422926,0.032505856,0.645183076
W-40,0.006942212,0.008038017,0.874071059
X-40,0.121915601,0.18925593,0.570505772
Y-40,0.067267663,0.124299493,0.689186343
Z-40,0.002752409,0.004478226,0.814477797
AA-40,0.000175774,0.00234366,0.773315851
AB-40,0.000284441,0.003225786,0.893364733
AC-40,0.001399855,0.004547945,0.875009105
AD-40,0.000789739,0.001968785,0.894249685
AE-40,0.038494245,0.090971137,0.649513774
AF-40,7.95E-05,0.002780823,0.886412102
AG-40,0.001289009,0.005355562,0.847106777
AH-40,2.07E-05,0.002704575,0.909183797
AI-40,9.50E-06,0.000847195,0.938097787
AJ-40,0.002008562,0.011387147,0.763132721
AK-40,0.013916249,0.025244975,0.823980351
AL-40,0.048682431,0.054317237,0.743478102
AM-40,0.001376102,0.004345251,0.813105113
AN-40,0.025690409,0.031010597,0.702002698
AO-40,0.011829016,0.014470355,0.767614466
AP-40,0.039470715,0.058412336,0.750666612
AQ-40,0.021528449,0.03171705,0.797860615
AR-40,0.027209382,0.045777485,0.720685518
AS-40,0.005971553,0.008505227,0.832025324
AT-40,0.016065725,0.024901079,0.733971619
AU-40,0.008408298,0.019316917,0.441867941
AV-40,0.007085594,0.015372514,0.873449281
AW-40,0.005110088,0.00741414,0.892949441
AX-40,0.003348186,0.013728039,0.821387709
AY-40,0.002920055,0.006570123,0.871481168
AZ-40,0.001941825,0.004902233,0.8529616
BA-40,0.004218561,0.0149249,0.775130444
BB-40,0.002173861,0.009502697,0.790517961
BC-40,0.001555038,0.002698354,0.831181829
BD-40,0.000664222,0.006942546,0.741468407
BE-40,0.014310395,0.019681741,0.678822928
BF-40,0.08824394,0.09461609,0.61832573
BG-40,0.015992234,0.025892566,0.53299002
BH-40,0.040506333,0.048847228,0.165980464
BI-40,0.023498095,0.048095164,0.228849498
BJ-40,0.027933813,0.056204504,0.31286697
BK-40,0.022663751,0.059813806,0.337945155
BL-40,0.026575729,0.038271338,0.163007551
F-39,0.036015789,0.065121349,0.429481085
G-39,0.002034695,0.002945205,0.800145426
H-39,0.008136963,0.010770875,0.887892326
I-39,0.012551107,0.01566058,0.886317683
J-39,0.008130589,0.01423053,0.877351486
K-39,0.002130387,0.005573132,0.91004854
L-39,0.007280897,0.011865462,0.883382433
M-39,0.00812133,0.011639032,0.774953198
N-39,0.032727599,0.040904698,0.729842091
O-39,0.012686284,0.020874327,0.683952712
P-39,0.079372852,0.139663383,0.677371968
Q-39,0.025955533,0.068675243,0.635085336
R-39,0.010662011,0.015870603,0.807672552
S-39,0.032719624,0.037377455,0.710355022
T-39,0.01729791,0.020587873,0.652846474
U-39,0.036374509,0.04307025,0.655058482
V-39,0.0211145,0.022364248,0.781388516
W-39,0.040666988,0.053509866,0.682224079
X-39,0.11058377,0.154050482,0.55362612
Y-39,0.009961109,0.014210566,0.783775208
Z-39,0.031309012,0.067887938,0.596625207
AA-39,0.000749459,0.003385322,0.843726629
AB-39,0.003707615,0.008360936,0.878653609
AC-39,0.001782801,0.004921042,0.825561351
AD-39,0.006277533,0.009258681,0.814891979
AE-39,0.078773218,0.15993041,0.529931239
AF-39,0.019360537,0.044158475,0.711878591
AG-39,0.007840667,0.040415235,0.686933019
AH-39,0.014028816,0.035189654,0.754968572
AI-39,0.029667558,0.112534204,0.535100364
AJ-39,0.008855406,0.010721218,0.778302815
AK-39,0.002537015,0.004670595,0.869279159
AL-39,0.042686381,0.054753332,0.455335798
AM-39,0.039150652,0.043464048,0.773201449
AN-39,0.013891089,0.014660772,0.848049311
AO-39,0.040566722,0.052204141,0.632002105
AP-39,0.037351264,0.04816524,0.621571627
AQ-39,0.03960996,0.045449399,0.824639819
AR-39,0.030646731,0.051101887,0.784848815
AS-39,0.042191758,0.083978486,0.690515107
AT-39,0.055124133,0.077038412,0.67865618
AU-39,0.032436354,0.048937578,0.623418726
AV-39,0.030435409,0.035240747,0.801123326
AW-39,0.025580717,0.039166785,0.806966209
AX-39,0.025516499,0.038194739,0.782196057
AY-39,0.001487744,0.002985056,0.905568915
AZ-39,0.004107621,0.019128359,0.797204834
BA-39,0.003646888,0.005640159,0.84470667
BB-39,0.010767675,0.021108099,0.753447608
BC-39,0.00116407,0.003688348,0.822095007
BD-39,0.021594453,0.233303303,0.48353973
BE-39,0.015993953,0.023383383,0.662695021
BF-39,0.060088811,0.195258631,0.252220666
BG-39,0.064930571,0.070800299,0.302803628
BH-39,0.017696439,0.025234907,0.014121627
BI-39,0.022991035,0.054443052,0.126959373
BJ-39,0.028782838,0.054493288,0.360018306
BK-39,0.088293357,0.125559308,0.228717586
BL-39,0.033530316,0.064239503,0.481891485
E-38,0.018418838,0.028917737,0.685534066
F-38,0.023904902,0.032733335,0.749099197
G-38,0.002628697,0.004409531,0.867686779
H-38,0.008242542,0.009580041,0.900193535
I-38,0.0046777,0.005474177,0.907059424
J-38,0.002218924,0.007370631,0.911331661
K-38,0.002172621,0.004987555,0.900668005
L-38,0.021757417,0.033675492,0.743870957
M-38,0.017990822,0.030607198,0.744671319
N-38,0.034831892,0.054794763,0.477926104
O-38,0.060364415,0.088465534,0.523959014
P-38,0.021854348,0.028528933,0.801659139
Q-38,0.019028533,0.080751635,0.746578477
R-38,0.007715599,0.010575914,0.8245523
S-38,0.017005273,0.021914161,0.794117364
T-38,0.004368621,0.006086418,0.744673377
U-38,0.022518081,0.023552214,0.760957954
V-38,0.020516754,0.023568807,0.70414267
W-38,0.049127731,0.057657721,0.770094935
X-38,0.053955669,0.068075061,0.7058906
Y-38,0.030638607,0.083300017,0.624451477
Z-38,0.006645257,0.0164085,0.667629187
AA-38,0.025607674,0.073837843,0.46823489
AB-38,0.023465599,0.038885344,0.822907401
AC-38,0.004099565,0.008606999,0.905372791
AD-38,0.002791126,0.004666918,0.908974148
AE-38,0.00284704,0.003205128,0.916978187
AF-38,0.000958808,0.001985297,0.895278796
AG-38,0.000778811,0.007733515,0.83203692
AH-38,0.000572058,0.011202676,0.729318074
AI-38,0.050405945,0.082253703,0.522582313
AJ-38,0.065768886,0.09250089,0.132946161
AK-38,0.030704283,0.037464653,0.233218305
AL-38,0.047115281,0.275860791,0.031302221
AM-38,0.079030743,0.090897558,0.29907426
AN-38,0.114439445,0.199484662,0.333731896
AO-38,0.061965675,0.068178461,0.726969818
AP-38,0.064852714,0.073019531,0.587385587
AQ-38,0.02755707,0.032263659,0.798727888
AR-38,0.080911489,0.088954134,0.520809195
AS-38,0.069900312,0.09206833,0.754131714
AT-38,0.178912765,0.206279761,0.648370437
AU-38,0.086587191,0.100464393,0.71041577
AV-38,0.12916476,0.141158688,0.725730142
AW-38,0.05593916,0.05994399,0.78395595
AX-38,0.02454313,0.027069794,0.841548484
AY-38,0.004359744,0.017692692,0.781974265
AZ-38,0.013884077,0.024197226,0.369947161
BA-38,0.003945435,0.016976451,0.706735502
BB-38,0.080705356,0.41671313,0.490002675
BC-38,0.156784281,0.612214388,0.266939225
BD-38,0.009871889,0.891814566,0.012342133
BE-38,0.000735449,0.948250419,0.017260566
BG-38,0.01085836,0.529859686,0.008881631
BH-38,0,0.806121791,0
BI-38,0.005331235,0.013196413,0.055658416
BJ-38,0.016544414,0.02974675,0.235808254
BK-38,0.127882778,0.155762344,0.385302288
BL-38,0.048509176,0.156635185,0.379303955
E-37,0.038062172,0.055284508,0.739803649
F-37,0.00919873,0.013765637,0.656406004
G-37,0.006033692,0.010273934,0.812797055
H-37,0.002591645,0.005681495,0.880519822
I-37,0.002765196,0.00300614,0.920504656
J-37,0.000694565,0.001032111,0.926814267
K-37,0.012621464,0.018240886,0.821111562
L-37,0.017995518,0.023334615,0.88214226
M-37,0.019711905,0.028198212,0.846226116
N-37,0.032071329,0.064316306,0.698362029
O-37,0.024329503,0.050479879,0.585741892
P-37,0.010639196,0.013104256,0.828464879
Q-37,0.007574471,0.010753679,0.812263399
R-37,0.001142462,0.004534146,0.867123868
S-37,0.003376499,0.005152072,0.849737707
T-37,0.059760277,0.064576801,0.692044296
U-37,0.04296177,0.048206059,0.689660358
V-37,0.058533237,0.095220167,0.549098203
W-37,0.024539609,0.042914804,0.625419639
X-37,0.00344526,0.005843797,0.872660088
Y-37,0.029332428,0.032126916,0.851890485
Z-37,0.070157019,0.07476405,0.793295382
AA-37,0.097411176,0.14115872,0.690000954
AB-37,0.037115835,0.116313376,0.640188508
AC-37,0.009500462,0.025260717,0.859530621
AD-37,0.004150792,0.028169563,0.757498361
AE-37,0.004605344,0.007900882,0.840303875
AF-37,0.000199605,0.003028149,0.891001237
AG-37,0.000462489,0.003546289,0.910818848
AH-37,0.000963954,0.005472143,0.760695994
AI-37,0.005017918,0.02601458,0.218867241
AJ-37,0.019986596,0.026758605,0.005261168
AK-37,0.033875227,0.049454468,0.003784038
AL-37,4.06E-05,0.932831994,0
AM-37,0.005101967,0.94686031,0.000449555
AN-37,0.000436535,0.986405741,0.000449518
AO-37,0.124344263,0.192573271,0.369911771
AP-37,0.079300373,0.09572973,0.567969894
AQ-37,0.049957308,0.067321811,0.270747492
AR-37,0.130631778,0.170097028,0.541791556
AS-37,0.137468042,0.160888499,0.651545705
AT-37,0.114204017,0.138508925,0.643358709
AU-37,0.197792975,0.256529466,0.549807645
AV-37,0.128719105,0.162791905,0.644239788
AW-37,0.099383884,0.109586183,0.696715665
AX-37,0.094662313,0.103290697,0.699150631
AY-37,0.023161003,0.023927538,0.866457945
AZ-37,0.016921097,0.022946611,0.773432239
BA-37,0.029428174,0.263517829,0.233903688
BB-37,0.009296989,0.962779587,0.010119746
BC-37,0.001704589,0.995007988,0
BI-37,0.002514607,0.611371196,0.014047837
BJ-37,0.003807076,0.65147082,0.097440691
BK-37,0.049866992,0.063775803,0.315266379
BL-37,0.057350113,0.087836226,0.315099438
D-36,0.006705826,0.009899388,0.703484153
E-36,0.037366313,0.056639019,0.698778071
F-36,0.005803207,0.011467504,0.708924454
G-36,0.004548267,0.008378387,0.821839174
H-36,0.005090926,0.008067034,0.831773914
I-36,0.000863147,0.001477122,0.916520637
J-36,0.002257019,0.004049886,0.88779461
K-36,0.010088936,0.013564285,0.892627341
L-36,0.024626428,0.031041263,0.8540049
M-36,0.020516712,0.022200653,0.864306002
N-36,0.012445332,0.01809517,0.729584099
O-36,0.013111545,0.017046149,0.757590316
P-36,0.003417393,0.005066436,0.886111429
Q-36,0.007895238,0.009525423,0.82571685
R-36,0.03634129,0.043485011,0.778829025
S-36,0.064900209,0.072124553,0.653088179
T-36,0.003948577,0.004262371,0.900434082
U-36,0.006256819,0.006623239,0.878281899
V-36,0.04238169,0.060155131,0.505463597
W-36,0.019915608,0.02876518,0.731000047
X-36,0.01652459,0.023290667,0.791913721
Y-36,0.048424372,0.054075755,0.789574746
Z-36,0.006936431,0.011846196,0.67264261
AA-36,0.009368929,0.01015388,0.827877489
AB-36,0.083175621,0.171741241,0.529695656
AC-36,0.000925014,0.001491747,0.887068537
AD-36,0.000174879,0.000915253,0.873170516
AE-36,0.011995466,0.025565896,0.683604731
AF-36,0.008887567,0.011069417,0.876740986
AG-36,0.000569997,0.002578016,0.81353597
AH-36,0.003530167,0.006372279,0.797033352
AI-36,0.023796263,0.040544194,0.103816326
AJ-36,0.024505205,0.038848121,0.010198245
AK-36,0.016319677,0.186139755,0.000868016
AO-36,0.015797094,0.819771447,0.061193381
AP-36,0.070730942,0.241635451,0.41779763
AQ-36,0.146690769,0.163904632,0.572430135
AR-36,0.130379002,0.151945675,0.584236848
AS-36,0.102428181,0.136463423,0.593497166
AT-36,0.165541159,0.180477289,0.65110023
AU-36,0.141152751,0.163035548,0.627471321
AV-36,0.158036838,0.162245248,0.662827071
AW-36,0.129884258,0.140360791,0.565846795
AX-36,0.203272548,0.264158868,0.430760707
AY-36,0.071960771,0.085963367,0.636126307
AZ-36,0.054934602,0.05708701,0.744644722
BA-36,0.041453326,0.048913752,0.647822617
BB-36,0.063979151,0.278345703,0.247529539
BK-36,0.00725852,0.84171475,0.008766573
BL-36,0.00433262,0.978815762,0.00015853
D-35,0.026771003,0.063642035,0.545829541
E-35,0.02304378,0.033023951,0.855180094
F-35,0.005192081,0.011039552,0.728488599
G-35,0.008799467,0.010848029,0.871037369
H-35,0.002467303,0.003622771,0.915135644
I-35,0.006934331,0.011543003,0.89916027
J-35,0.018049929,0.027868262,0.874063637
K-35,0.024857842,0.031661109,0.881251158
L-35,0.00258742,0.002967633,0.92356083
M-35,0.007132946,0.01375909,0.811523915
N-35,0.008620009,0.013577707,0.840484577
O-35,0.018356569,0.022053469,0.865920945
P-35,0.007688357,0.009019953,0.872105961
Q-35,0.024949812,0.030354073,0.859367824
R-35,0.003440097,0.003803859,0.909643958
S-35,0.005902806,0.006460448,0.87976743
T-35,0.044164993,0.053700168,0.842568391
U-35,0.05184585,0.067852293,0.695085387
V-35,0.032222862,0.038000165,0.808005925
W-35,0.024272434,0.029156771,0.764121607
X-35,0.007931975,0.012295466,0.732920083
Y-35,0.005166255,0.011693777,0.632185605
Z-35,0.001909386,0.002177688,0.641543969
AA-35,0.093671837,0.160912772,0.483496063
AB-35,0.007736103,0.00834347,0.741184546
AC-35,0.001097263,0.00565689,0.842461608
AD-35,0.022742049,0.025151715,0.796630088
AE-35,0.0033933,0.012184061,0.766716798
AF-35,0.006843937,0.020571316,0.36287847
AG-35,0.010613347,0.013750935,0.801318345
AH-35,0.010099713,0.016418618,0.713502935
AI-35,0.041732068,0.082803154,0.165545622
AJ-35,0.057698733,0.097969664,0.127095558
AK-35,0.00994581,0.67486354,0.000313267
AP-35,0.039328903,0.797619263,0.053943507
AQ-35,0.150526894,0.172599864,0.546556121
AR-35,0.176897767,0.191263828,0.414816729
AS-35,0.112192882,0.152837461,0.363395112
AT-35,0.116817,0.157306515,0.361890575
AU-35,0.186668963,0.201812352,0.538963925
AV-35,0.143395848,0.156357914,0.586677135
AW-35,0.166537643,0.178543429,0.478179647
AX-35,0.239448003,0.274388969,0.32716089
AY-35,0.134106278,0.143018814,0.574596156
AZ-35,0.093297254,0.103780479,0.337293553
BA-35,0.079264692,0.100128915,0.271963117
BB-35,0.00770122,0.028213847,0.006251679
BC-35,0.020179372,0.909673286,0.005445227
D-34,0.033937079,0.070659147,0.39858496
E-34,0.003906566,0.005854068,0.782193657
F-34,0.007707183,0.011278239,0.832836479
G-34,0.004509564,0.007330933,0.870094816
H-34,0.001748947,0.002116972,0.931119658
I-34,0.012108197,0.015529217,0.883531695
J-34,0.013845626,0.016587564,0.903093881
K-34,0.007796794,0.01683579,0.904808078
L-34,0.010606465,0.015019471,0.837933944
M-34,0.009866693,0.024000198,0.743900425
N-34,0.029476417,0.03332405,0.851253589
O-34,0.006655258,0.008082447,0.899500484
P-34,0.009545297,0.013331587,0.849690582
Q-34,0.005518829,0.009709572,0.835794589
R-34,0.011196578,0.013117934,0.8754534
S-34,0.020524231,0.021483956,0.821489572
T-34,0.039069869,0.0521661,0.723818728
U-34,0.02383438,0.029989131,0.827673583
V-34,0.006790181,0.007483124,0.875026524
W-34,0.00681061,0.012697831,0.80935414
X-34,0.001813579,0.002746893,0.813668818
Y-34,0.001328076,0.001982203,0.73269165
Z-34,0.029744972,0.108506236,0.472134914
AA-34,0.028957019,0.073533979,0.534730252
AB-34,0.00155001,0.004930192,0.843803774
AC-34,0.005915322,0.007141005,0.844386225
AD-34,0.002594414,0.003406723,0.880444747
AE-34,0.052316419,0.061025085,0.780671122
AF-34,0.041673091,0.055324849,0.580001625
AG-34,0.002725561,0.005322277,0.846549275
AH-34,0.03279213,0.098823986,0.665437715
AI-34,0.061928469,0.147388799,0.38115469
AJ-34,0.069301301,0.105826886,0.440787042
AK-34,0.030262034,0.835577382,0.006240719
AP-34,0.000459206,0.997374071,1.99E-05
AQ-34,0.152456812,0.211565336,0.384493655
AR-34,0.143587032,0.182915771,0.406607507
AS-34,0.089571987,0.106774434,0.438650829
AT-34,0.144039839,0.192449877,0.407218238
AU-34,0.188525592,0.202065803,0.385429365
AV-34,0.113072987,0.118429232,0.655292173
AW-34,0.176448434,0.181853321,0.571157194
AX-34,0.146568416,0.150008289,0.650666424
AY-34,0.243195161,0.288267826,0.3131052
AZ-34,0.168831987,0.223796917,0.110669224
BA-34,0.061956127,0.071958109,0.145037827
BB-34,0.010904847,0.025551293,0.000406155
BC-34,0.002276576,0.192259243,0.000141291
BD-34,0.08770118,0.920256613,0.012382348
C-33,0.044502121,0.095186757,0.634829049
D-33,0.015198923,0.020126093,0.64127502
E-33,0.012506135,0.015825244,0.817354196
F-33,0.004579773,0.005027232,0.912753908
G-33,0.011817279,0.017016349,0.867715687
H-33,0.006121069,0.008734128,0.874090647
I-33,0.015110073,0.04188628,0.863353831
J-33,0.004459709,0.007142881,0.910405097
K-33,0.006070861,0.006626538,0.904025834
L-33,0.020757537,0.02765334,0.870956647
M-33,0.010900488,0.014384252,0.892796894
N-33,0.010705991,0.017124243,0.885822242
O-33,0.025588,0.030702272,0.875944784
P-33,0.009967926,0.01226706,0.86691734
Q-33,0.016502567,0.018959901,0.864412419
R-33,0.043551799,0.05181502,0.796808917
S-33,0.076590973,0.095700451,0.652074741
T-33,0.061293764,0.06413889,0.802287121
U-33,0.021558436,0.023754542,0.832199233
V-33,0.001953585,0.002639844,0.756788707
W-33,0.002733472,0.003833183,0.685842011
X-33,0.039810324,0.096072064,0.449427715
Y-33,0.032602131,0.097811385,0.556600368
Z-33,0.014795755,0.03560599,0.700508275
AA-33,0.001068077,0.001116324,0.883859054
AB-33,0.005094221,0.00960572,0.817452923
AC-33,0.01507332,0.017201221,0.787587637
AD-33,0.030962399,0.033029453,0.768646898
AE-33,0.048667884,0.050749159,0.787292413
AF-33,0.020305086,0.049598106,0.620920533
AG-33,0.00526899,0.009188705,0.800720056
AH-33,0.061611952,0.084174005,0.665768392
AI-33,0.077097898,0.103884177,0.534833809
AJ-33,0.033538871,0.041024048,0.695677364
AK-33,0.006626538,0.786977513,0.036258793
AQ-33,0.095839725,0.312245244,0.320463976
AR-33,0.061207043,0.063890215,0.658183591
AS-33,0.096027724,0.133274882,0.586586165
AT-33,0.093669073,0.104004395,0.530809778
AU-33,0.106240714,0.114509316,0.654478937
AV-33,0.070029737,0.079872503,0.681723845
AW-33,0.081317328,0.092572351,0.421634931
AX-33,0.165435842,0.176599251,0.507235512
AY-33,0.167299153,0.174478053,0.488557848
AZ-33,0.1585453,0.209160247,0.318314483
BA-33,0.137002186,0.226473103,0.061321492
BB-33,0.122064309,0.171092396,0.077707949
BC-33,0.03970838,0.051812058,0.083582755
BD-33,0.097150519,0.219723634,0.370512726
BE-33,0.256691007,0.373381854,0.180863599
C-32,0.021024146,0.029918397,0.841704787
D-32,0.02050492,0.032331577,0.827458967
E-32,0.011379441,0.013029971,0.852129267
F-32,0.007568009,0.009457068,0.89714303
G-32,0.004573181,0.005717733,0.869286456
H-32,0.012776055,0.016808828,0.820307823
I-32,0.017802086,0.023234537,0.873076356
J-32,0.00643102,0.014188941,0.919861155
K-32,0.018759478,0.020287718,0.900619172
L-32,0.021137656,0.023337358,0.881572619
M-32,0.029532909,0.031962705,0.897330241
N-32,0.004937574,0.007778024,0.92028576
O-32,0.015701139,0.02162635,0.872158881
P-32,0.011713343,0.014148508,0.872379213
Q-32,0.020493761,0.020978037,0.875762232
R-32,0.008481032,0.014251094,0.825969819
S-32,0.028336635,0.035838888,0.807144988
T-32,0.038621622,0.040626193,0.789979164
U-32,0.007634573,0.008480811,0.867006614
V-32,0.003410553,0.008195081,0.638020601
W-32,0.004856028,0.008106786,0.61375305
X-32,0.068019683,0.137342715,0.413701478
Y-32,0.0020477,0.002657654,0.778342301
Z-32,0.000819004,0.000819004,0.707106159
AA-32,0.001107624,0.00176449,0.869591955
AB-32,0.001708654,0.003955467,0.664523561
AC-32,0.005891737,0.005987251,0.719695091
AD-32,0.012639984,0.015339182,0.651542747
AE-32,0.030319889,0.054325787,0.749213265
AF-32,0.086219481,0.139781239,0.694463037
AG-32,0.139063626,0.194156878,0.629741777
AH-32,0.20144831,0.226270719,0.492380059
AI-32,0.117549278,0.166852947,0.461637714
AJ-32,0.027092888,0.084196488,0.083044494
AK-32,0.013646799,0.84043769,0.037920807
AQ-32,0.044458036,0.297039873,0.253944182
AR-32,0.073919229,0.097021301,0.464934025
AS-32,0.039853142,0.055475681,0.251604481
AT-32,0.093817427,0.118374163,0.426841881
AU-32,0.063695516,0.076159468,0.750903628
AV-32,0.065126065,0.077039636,0.749944502
AW-32,0.104931197,0.112771712,0.573314432
AX-32,0.104644807,0.115244837,0.677456733
AY-32,0.133010704,0.141407659,0.662476289
AZ-32,0.036190937,0.041949198,0.323848348
BA-32,0.15906067,0.183085162,0.281795545
BB-32,0.145805725,0.160378057,0.418887693
BC-32,0.09898888,0.103421118,0.569937195
BD-32,0.069985873,0.074350005,0.523177828
BE-32,0.108571975,0.148415853,0.241407493
D-31,0.017649799,0.027790811,0.791595173
E-31,0.008077896,0.009208734,0.882300023
F-31,0.008277818,0.009939479,0.894600532
G-31,0.002023735,0.00319848,0.91258108
H-31,0.0113138,0.013014512,0.890217688
I-31,0.033863032,0.037478375,0.816182961
J-31,0.037562272,0.068091464,0.821752409
K-31,0.025788212,0.036897448,0.863348974
L-31,0.012868855,0.013763255,0.903521699
M-31,0.015877276,0.017114444,0.892477746
N-31,0.017213751,0.023977627,0.886806292
O-31,0.013208952,0.036065535,0.856629034
P-31,0.016094224,0.032921929,0.739367072
Q-31,0.011623962,0.016332958,0.824803412
R-31,0.01878751,0.024123427,0.782111634
S-31,0.032012895,0.035737915,0.742286659
T-31,0.004023139,0.004287396,0.835105491
U-31,0.008746302,0.010869584,0.763066708
V-31,0.000389602,0.001106131,0.762964431
W-31,0.000977245,0.00169963,0.724935104
X-31,0.050257564,0.156498215,0.337641592
Y-31,0.077217014,0.100100256,0.349859744
Z-31,0.074089257,0.093537305,0.357521572
AA-31,0.004465989,0.006606152,0.517185448
AB-31,0.086103743,0.113214962,0.395725558
AC-31,0.026589882,0.029231317,0.470882611
AD-31,0.023525506,0.036313095,0.632241191
AE-31,0.07301957,0.209119218,0.375055909
AF-31,0.094647313,0.102325952,0.75818301
AG-31,0.140256685,0.167052616,0.66637411
AH-31,0.162715849,0.202923051,0.601464914
AI-31,0.076606935,0.118733322,0.270028136
AJ-31,0.069580124,0.208962278,0.17899824
AK-31,0.000982315,0.979454089,0
AP-31,0.006929999,0.853753481,0.000113495
AQ-31,0.106781729,0.247540461,0.174649656
AR-31,0.085353624,0.089574892,0.699368504
AS-31,0.077219615,0.100683737,0.250105067
AT-31,0.143824861,0.173861636,0.434284814
AU-31,0.158768844,0.170500807,0.559270799
AV-31,0.103611127,0.117575914,0.715314174
AW-31,0.084648557,0.09368676,0.742319215
AX-31,0.184083883,0.187427691,0.577977284
AY-31,0.02949144,0.036102667,0.805102983
AZ-31,0.038994214,0.047789086,0.426122735
BA-31,0.094271696,0.125496431,0.398037736
BB-31,0.123666669,0.133084891,0.545992598
BC-31,0.094474009,0.098143263,0.671255766
BD-31,0.059135313,0.061808345,0.701560623
BE-31,0.040258382,0.476322973,0.209973297
C-30,0.005661311,0.008495366,0.905435708
D-30,0.003061099,0.008156106,0.834019834
E-30,0.016018388,0.020890889,0.867845746
F-30,0.009158484,0.010404188,0.893418929
G-30,0.006460025,0.008826434,0.89218728
H-30,0.019605066,0.034122029,0.855222814
I-30,0.028536406,0.076398003,0.725888989
J-30,0.02272925,0.030453544,0.825898821
K-30,0.013675411,0.033656404,0.893352533
L-30,0.012076953,0.015438297,0.902821311
M-30,0.014855188,0.019572875,0.896676708
N-30,0.006587961,0.008224288,0.9067533
O-30,0.032505729,0.045429817,0.772335788
P-30,0.028884889,0.033034457,0.816843973
Q-30,0.012582305,0.016524795,0.859763655
R-30,0.0050693,0.005608478,0.85796235
S-30,0.014921542,0.016422706,0.819814352
T-30,0.003206102,0.00505571,0.784112819
U-30,0.007975043,0.010032131,0.716414206
V-30,0.002692488,0.006132321,0.546675767
W-30,0.000894251,0.00106596,0.617638158
X-30,0.106017329,0.252782072,0.264567273
Y-30,0.012864541,0.02629861,0.411301483
Z-30,0.00703311,0.007195202,0.43871964
AA-30,0.046661158,0.059714586,0.435142588
AB-30,0.002714711,0.003863046,0.584231128
AC-30,0.057987695,0.076158045,0.49538856
AD-30,0.051155085,0.121545368,0.453887906
AE-30,0.026240762,0.033784025,0.800813319
AF-30,0.095680913,0.108472835,0.752505234
AG-30,0.130103043,0.142573227,0.742571867
AH-30,0.123313569,0.1580122,0.690930342
AI-30,0.130543367,0.151566721,0.499975349
AJ-30,0.132428218,0.170711648,0.552228721
AK-30,0.000462421,0.994891272,0.002995534
AP-30,0.045787655,0.450640276,0.114458047
AQ-30,0.136765941,0.181323763,0.074350308
AR-30,0.100028153,0.133013693,0.341831677
AS-30,0.130829205,0.148714217,0.397842918
AT-30,0.140456666,0.158213809,0.496026099
AU-30,0.163029027,0.179781776,0.55335922
AV-30,0.169681965,0.174648974,0.583875222
AW-30,0.052354018,0.056361111,0.79271923
AX-30,0.076766756,0.079583807,0.723157826
AY-30,0.146749405,0.171909215,0.512351241
AZ-30,0.009986759,0.013337861,0.763772958
BA-30,0.113825381,0.121604942,0.471459076
BB-30,0.199724262,0.201647263,0.469765196
BC-30,0.047665517,0.048853882,0.836748537
BD-30,0.063840606,0.066572366,0.761265312
BE-30,0.00709666,0.828151672,0.101585612
C-29,0.009716951,0.020559042,0.568631749
D-29,0.006446889,0.00960932,0.844891386
E-29,0.010072694,0.0130832,0.882275175
F-29,0.018415504,0.020046365,0.861612199
G-29,0.016345606,0.040494975,0.823272238
H-29,0.012132681,0.024308331,0.887268677
I-29,0.040963983,0.124236239,0.743311094
J-29,0.014334601,0.02208113,0.851219215
K-29,0.029586792,0.082713553,0.835572993
L-29,0.019826435,0.045625723,0.826990077
M-29,0.026093345,0.027168794,0.887202839
N-29,0.028787353,0.042038919,0.86497152
O-29,0.033465882,0.055466505,0.817246009
P-29,0.034557792,0.069825441,0.732116093
Q-29,0.026992314,0.029665516,0.85186422
R-29,0.003021548,0.003502796,0.881865728
S-29,0.002873583,0.00373326,0.848169332
T-29,0.003836238,0.00561342,0.663844488
U-29,0.003168107,0.004421649,0.658820608
V-29,0.001053601,0.00115329,0.550822084
W-29,0.013713644,0.023824202,0.504478169
X-29,0.058766507,0.207158338,0.30918116
Y-29,0.000667878,0.001159368,0.618348834
Z-29,0.008139429,0.008314729,0.411677056
AA-29,0.001323843,0.001823924,0.540338685
AB-29,0.026953539,0.033766689,0.552846604
AC-29,0.045041759,0.055563262,0.46716911
AD-29,0.189426283,0.218751504,0.486977072
AE-29,0.204061677,0.232949622,0.487038185
AF-29,0.066178429,0.097787808,0.759714758
AG-29,0.14764087,0.223017961,0.644789569
AH-29,0.138122943,0.166372472,0.708912627
AI-29,0.194432695,0.201592616,0.548627011
AJ-29,0.090165498,0.095964553,0.681514354
AK-29,0.02841887,0.755789521,0.189734272
AP-29,0.054183983,0.159922243,0.319609016
AQ-29,0.12669901,0.13514504,0.204581612
AR-29,0.180273968,0.192693617,0.107816851
AS-29,0.087631391,0.13018327,0.102417004
AT-29,0.130343838,0.159985562,0.266863178
AU-29,0.132996431,0.142516114,0.507618829
AV-29,0.089075812,0.095290803,0.647534714
AW-29,0.185916921,0.190453276,0.449270399
AX-29,0.220803864,0.245454311,0.186337582
AY-29,0.053200307,0.077584494,0.546946283
AZ-29,0.049482743,0.559983431,0.282685852
BA-29,0.026002627,0.027749379,0.778929721
BB-29,0.087124435,0.087811929,0.72835725
BC-29,0.105085599,0.10568326,0.702787772
BD-29,0.07351872,0.178879396,0.672770023
BE-29,0.004190391,0.949972173,0.017184543
D-28,0.008591315,0.01077637,0.887429877
E-28,0.0107349,0.014692133,0.865214301
F-28,0.014189986,0.017958741,0.825960071
G-28,0.015086984,0.017617581,0.886864871
H-28,0.052103605,0.086313584,0.821789189
I-28,0.035941562,0.087838176,0.769125275
J-28,0.01741893,0.032993992,0.882129192
K-28,0.027081296,0.056558662,0.836373704
L-28,0.029068288,0.033315385,0.890640285
M-28,0.050279705,0.063562048,0.832918476
N-28,0.029592591,0.048414324,0.863315194
O-28,0.014830212,0.035817111,0.868403212
P-28,0.020920154,0.043511082,0.818025995
Q-28,0.028485718,0.032579257,0.7603132
R-28,0.005057317,0.005263349,0.837135699
S-28,0.002114909,0.002915331,0.765988608
T-28,0.007768688,0.00915379,0.658859888
U-28,0.007052033,0.011833891,0.559546379
V-28,0.009704334,0.012140373,0.426618442
W-28,0.041599175,0.051844147,0.395720883
X-28,0.067293192,0.164710506,0.280534024
Y-28,0.001336898,0.001512851,0.53058306
Z-28,0.007755871,0.00828228,0.493594783
AA-28,0.004529398,0.005088242,0.587535014
AB-28,0.149958793,0.197693101,0.352813156
AC-28,0.080368418,0.101942836,0.326859513
AD-28,0.090634132,0.102907162,0.472583482
AE-28,0.234340472,0.316369815,0.397238203
AF-28,0.281058845,0.371355655,0.459212948
AG-28,0.154574388,0.157584592,0.747608656
AH-28,0.1175941,0.349548115,0.492217528
AI-28,0.187028096,0.197062614,0.612666229
AJ-28,0.160526124,0.172926095,0.584509213
AK-28,0.044157551,0.485339755,0.30762105
AP-28,0.073369415,0.46235699,0.239397213
AQ-28,0.197688801,0.205491126,0.246784969
AR-28,0.109291434,0.129235164,0.024350084
AS-28,0.093819541,0.097495593,0.223849315
AT-28,0.115880653,0.140590778,0.253351501
AU-28,0.166336036,0.194371226,0.242816974
AV-28,0.154814794,0.168617355,0.34614439
AW-28,0.24679888,0.250195353,0.274708954
AX-28,0.277331643,0.297532352,0.160127018
AY-28,0.110813254,0.242742748,0.535018354
AZ-28,0.006941078,0.994063119,0.001963378
BA-28,0.073874928,0.604335721,0.333269507
BB-28,0.061897705,0.162475631,0.724721338
BC-28,0.139900914,0.141581105,0.677934642
BD-28,0.035165421,0.345646136,0.541788156
BE-28,4.66E-05,0.999175455,6.90E-05
D-27,0.010330676,0.013363775,0.840874802
E-27,0.004333977,0.005182004,0.8122679
F-27,0.018447598,0.031272671,0.84426098
G-27,0.034338941,0.047262964,0.850324969
H-27,0.018046505,0.028813015,0.881073058
I-27,0.019474483,0.039624933,0.848925489
J-27,0.048266949,0.057256176,0.87961692
K-27,0.036545058,0.047376506,0.867506352
L-27,0.037889596,0.05505712,0.860390686
M-27,0.064137252,0.082935831,0.807944477
N-27,0.045713947,0.07576376,0.79725228
O-27,0.025645526,0.031272319,0.870022469
P-27,0.029869854,0.037252727,0.736452523
Q-27,0.017060956,0.021022962,0.839128637
R-27,0.012390381,0.013114199,0.722404194
S-27,0.019082126,0.025049526,0.483194314
T-27,0.001564465,0.003500425,0.725384968
U-27,0.00115038,0.001603929,0.700100093
V-27,0.087373595,0.19415928,0.252781004
W-27,0.104854882,0.217861475,0.355686388
X-27,0.035397289,0.042966849,0.358204165
Y-27,0.015060785,0.015858397,0.413830135
Z-27,0.048481107,0.055023039,0.171164572
AA-27,0.07588762,0.096195453,0.416039469
AB-27,0.2665633,0.384293665,0.080729244
AC-27,0.089119646,0.155957643,0.193747654
AD-27,0.120365041,0.128503801,0.434059647
AE-27,0.285372949,0.31083744,0.358890503
AF-27,0.20075346,0.210796104,0.483920084
AG-27,0.172497085,0.204575826,0.687697994
AH-27,0.029544063,0.494560885,0.270068562
AI-27,0.08260015,0.316317931,0.568481855
AJ-27,0.197888542,0.21029462,0.646432882
AK-27,0.051478817,0.443858826,0.452189553
AL-27,0.007361995,0.9811895,0.005652743
AP-27,0.100507894,0.436296978,0.124681694
AQ-27,0.166645524,0.180616931,0.209152314
AR-27,0.097084144,0.112242478,0.016192609
AS-27,0.145324469,0.148514938,0.127981942
AT-27,0.12909983,0.142121612,0.286086785
AU-27,0.299434537,0.318923362,0.153524671
AV-27,0.176910519,0.191777477,0.052960485
AW-27,0.185040437,0.195743217,0.320676748
AX-27,0.366215582,0.382732285,0.105344121
AY-27,0.189906215,0.204268563,0.37237494
AZ-27,0.301522797,0.430007343,0.243092824
BA-27,0.003796943,0.989806469,0
BB-27,0.023308747,0.986219515,0.003092368
BC-27,0.073252575,0.186643404,0.684939553
BD-27,0.019178144,0.942690556,0.03438148
D-26,0.009530001,0.012798032,0.738072564
E-26,0.021308666,0.040616362,0.71374577
F-26,0.023602541,0.050905168,0.796507583
G-26,0.027834133,0.090535765,0.803307327
H-26,0.038428627,0.041006232,0.883807476
I-26,0.051299647,0.053843272,0.857796832
J-26,0.025258072,0.032741489,0.883436855
K-26,0.059176114,0.089725231,0.837025859
L-26,0.075959531,0.167715047,0.695116423
M-26,0.069960858,0.10329139,0.597593339
N-26,0.037855294,0.137617919,0.714487271
O-26,0.032175505,0.098756744,0.734776154
P-26,0.03259145,0.084527978,0.653958537
Q-26,0.009890712,0.015935425,0.863361127
R-26,0.008071927,0.009017224,0.732466752
S-26,0.017647296,0.028596987,0.550672299
T-26,0.019109702,0.023082397,0.55166876
U-26,0.07887389,0.172618912,0.328367537
V-26,0.0141635,0.01601542,0.436577005
W-26,0.030967665,0.033969901,0.47019034
X-26,0.01667961,0.01731566,0.424717731
Y-26,0.023905847,0.031795687,0.329206062
Z-26,0.151985986,0.173037119,0.021269007
AA-26,0.320855624,0.366064926,0.051893101
AB-26,0.43005612,0.458244164,0.084796061
AC-26,0.108558954,0.22536841,0.135194087
AD-26,0.021393682,0.025002636,0.632390976
AE-26,0.084562962,0.095938156,0.502224097
AF-26,0.122960282,0.154652235,0.499825173
AG-26,0.191524448,0.364093739,0.495967565
AH-26,0.105008293,0.124850651,0.494493408
AI-26,0.049154213,0.235577504,0.529578481
AJ-26,0.103989387,0.104934682,0.760919641
AK-26,0.086122718,0.109856926,0.652611936
AL-26,0.042574986,0.765518671,0.204897942
AP-26,0.026027125,0.870359861,0.016075216
AQ-26,0.154859604,0.164195434,0.043620895
AR-26,0.086729862,0.107410368,0.053569013
AS-26,0.121210477,0.128660857,0.068375096
AT-26,0.095713671,0.153578676,0.159064194
AU-26,0.202373763,0.205810117,0.348584233
AV-26,0.38253898,0.531579114,0.050275678
AW-26,0.162964169,0.180897212,0.052213096
AX-26,0.10640496,0.11472106,0.137255178
AY-26,0.18728063,0.203912898,0.2345148
AZ-26,0.157633676,0.171563563,0.212775154
BA-26,0.137263518,0.808273974,0.036862108
BB-26,0.007472849,0.976759142,0
D-25,0.038265392,0.081968693,0.623504442
E-25,0.025165596,0.067592638,0.754597527
F-25,0.02585949,0.027311077,0.877383391
G-25,0.051943334,0.057745383,0.849333646
H-25,0.029512973,0.038241365,0.892227112
I-25,0.010549576,0.012970935,0.92155362
J-25,0.05590603,0.072236737,0.815798976
K-25,0.051716476,0.096703196,0.793121753
L-25,0.023489054,0.033975049,0.895235634
M-25,0.042228359,0.064013572,0.809151447
N-25,0.032173385,0.055910461,0.723092228
O-25,0.044177089,0.103252704,0.712937097
P-25,0.035589683,0.059657768,0.709839469
Q-25,0.012078769,0.015933957,0.707040922
R-25,0.011479115,0.015391042,0.603525336
S-25,0.000955843,0.001038729,0.649741905
T-25,0.017044439,0.17171887,0.398330781
U-25,0.146042943,0.253415634,0.252290463
V-25,0.032511187,0.033263474,0.534851242
W-25,0.015014999,0.0161331,0.532861403
X-25,0.023712546,0.024597607,0.48184298
Y-25,0.021009248,0.026234666,0.356203133
Z-25,0.033263474,0.045020391,0.26364914
AA-25,0.135476794,0.153456537,0.095009585
AB-25,0.017998563,0.020239532,0.50792482
AC-25,0.096717304,0.132840359,0.338551127
AD-25,0.110697299,0.156038638,0.393387227
AE-25,0.03680366,0.044570362,0.553047778
AF-25,0.134366719,0.147998279,0.430492496
AG-25,0.261982149,0.286441129,0.483864198
AH-25,0.239931249,0.250891686,0.536822429
AI-25,0.03075477,0.042669399,0.735206354
AJ-25,0.059907459,0.247768782,0.247864367
AK-25,0.091762971,0.09389158,0.72805831
AL-25,0.049019712,0.592162652,0.331154325
AP-25,7.08E-06,0.999607038,1.24E-05
AQ-25,0.109909741,0.236204628,0.171057319
AR-25,0.180475803,0.191429178,0.10801324
AS-25,0.064830213,0.075750174,0.091024364
AT-25,0.137172089,0.150237193,0.096596099
AU-25,0.184002892,0.185177413,0.120522362
AV-25,0.183004801,0.249805288,0.008795687
AW-25,0.360792053,0.432216467,0.009918294
AX-25,0.06641732,0.072083378,0.006420117
AY-25,0.236527263,0.269897396,0.135706148
AZ-25,0.167396538,0.20515453,0.033929267
BA-25,0.242858932,0.277235877,0.031266037
BB-25,0.052408827,0.882163333,0.001644414
D-24,0.049172464,0.078691278,0.634897933
E-24,0.04314549,0.051079925,0.817982351
F-24,0.052823351,0.059268877,0.881060961
G-24,0.034518418,0.054013763,0.880495948
H-24,0.064470453,0.087118571,0.793602531
I-24,0.060295847,0.072234915,0.78576124
J-24,0.016486848,0.017658493,0.903869817
K-24,0.020510269,0.024495416,0.911104399
L-24,0.023486695,0.067489028,0.850600007
M-24,0.031543656,0.057293471,0.828156897
N-24,0.029643909,0.06657976,0.727032791
O-24,0.047794686,0.096721122,0.667668719
P-24,0.031088499,0.094668964,0.206889295
Q-24,0.016645791,0.027403637,0.794531354
R-24,0.056288196,0.144907687,0.551322587
S-24,0.042013194,0.164748146,0.44886088
T-24,0.005669122,0.007031566,0.612957128
U-24,0.09294533,0.117046018,0.469561
V-24,0.083883037,0.103688407,0.538211739
W-24,0.032996768,0.033744757,0.573957569
X-24,0.055475109,0.066305131,0.441678734
Y-24,0.130686765,0.134281024,0.148849944
Z-24,0.014095232,0.019307829,0.551504484
AA-24,0.011109394,0.012489851,0.643547118
AB-24,0.040948145,0.047555273,0.667204035
AC-24,0.10899962,0.133477008,0.530514563
AD-24,0.115659385,0.171106554,0.270899688
AE-24,0.158862564,0.169655944,0.397940819
AF-24,0.24473695,0.246675429,0.247269277
AG-24,0.157427099,0.163464221,0.586688129
AH-24,0.20943371,0.278931084,0.443935409
AI-24,0.048915863,0.05041539,0.748814947
AJ-24,0.130613424,0.507630797,0.210454139
AK-24,0.071365753,0.299202092,0.557041256
AL-24,0.171530575,0.271262548,0.590557865
AQ-24,0.093788143,0.377870916,0.090835277
AR-24,0.05579145,0.101462508,0.091869981
AS-24,0.115062691,0.159833772,0.229260129
AT-24,0.096341711,0.149334646,0.065797123
AU-24,0.220551343,0.226817733,0.088610699
AV-24,0.138795265,0.162845027,0.003593376
AW-24,0.093905238,0.097478164,0.003747042
AX-24,0.154457148,0.162314468,0.022368217
AY-24,0.06790526,0.077341283,0.037269718
AZ-24,0.178487421,0.186649689,0.02471507
BA-24,0.203046659,0.209181552,0.138704015
BB-24,0.071053054,0.780238966,0.044939813
D-23,0.117350193,0.128338355,0.771927366
E-23,0.100963526,0.106580368,0.833562148
F-23,0.04897957,0.069569559,0.844722929
G-23,0.048080589,0.061859324,0.835881272
H-23,0.024731173,0.026738054,0.910903097
I-23,0.040709622,0.043734696,0.873065027
J-23,0.026784527,0.069437108,0.87660037
K-23,0.016245814,0.040525035,0.886682049
L-23,0.021503966,0.122678069,0.734146013
M-23,0.017241009,0.04007389,0.827153157
N-23,0.05052857,0.146310789,0.597659703
O-23,0.040389431,0.203266382,0.18813556
P-23,0.018784125,0.070756234,0.003537632
Q-23,0.019942148,0.109038316,0.231023545
R-23,0.010724289,0.075821031,0.430931732
S-23,0.009180782,0.009753574,0.671083132
T-23,0.009121681,0.011466332,0.659236847
U-23,0.025578881,0.041597454,0.562275357
V-23,0.061733497,0.067655313,0.593273995
W-23,0.030035782,0.06098982,0.360003365
X-23,0.027352467,0.060894453,0.525983406
Y-23,0.041081865,0.042708958,0.290927479
Z-23,0.031950139,0.036143561,0.639658561
AA-23,0.026957217,0.027367125,0.724780413
AB-23,0.015851744,0.0175871,0.708030784
AC-23,0.051179425,0.096945917,0.477689551
AD-23,0.08867796,0.115697995,0.303271546
AE-23,0.188367585,0.199062762,0.328237238
AF-23,0.313329704,0.315911455,0.252034229
AG-23,0.299019634,0.30898976,0.31124691
AH-23,0.306962588,0.336154685,0.135412306
AI-23,0.149098486,0.161288128,0.564520084
AJ-23,0.234250356,0.244414141,0.508586305
AK-23,0.036264895,0.864216071,0.09330066
AL-23,0.023793225,0.792235536,0.12453938
AM-23,0.089224535,0.815407638,0.134010432
AQ-23,0.007107889,0.80494742,0.011512955
AR-23,0.0439825,0.57940656,0.073685062
AS-23,0.059519931,0.47981098,0.153838581
AT-23,0.061722938,0.528822244,0.136394506
AU-23,0.05766088,0.076330453,0.034928034
AV-23,0.026705618,0.055885243,0.093281014
AW-23,0.097556173,0.113050031,0.007807787
AX-23,0.092765205,0.132295342,0.051794146
AY-23,0.126394378,0.138256437,0.026740198
AZ-23,0.303409021,0.365829294,0.150653453
BA-23,0.25662551,0.347537204,0.132413536
BB-23,0.024900418,0.976001524,2.16E-05
D-22,0.097448216,0.125674059,0.798800587
E-22,0.060988608,0.076231251,0.860516829
F-22,0.173274487,0.224606762,0.67526851
G-22,0.040920633,0.045964926,0.870110805
H-22,0.024303356,0.029312099,0.907087543
I-22,0.037225994,0.065645936,0.812257779
J-22,0.032791307,0.172773893,0.702488809
K-22,0.034377852,0.111028757,0.760512809
L-22,0.033655857,0.11400487,0.693277699
M-22,0.021602623,0.083160811,0.76593101
N-22,0.038240001,0.176676948,0.543815347
O-22,0.066765493,0.154210579,0.321878133
P-22,0.071094723,0.112634677,0.094469546
Q-22,0.053953844,0.153219684,0.154831915
R-22,0.031814101,0.110787288,0.42660039
S-22,0.014951993,0.029465761,0.726703672
T-22,0.020628634,0.024210949,0.621939917
U-22,0.073584548,0.08496587,0.460762302
V-22,0.048216238,0.052609571,0.506239727
W-22,0.081474321,0.111757132,0.58724342
X-22,0.118278811,0.157536131,0.307326513
Y-22,0.05014761,0.060385607,0.520186545
Z-22,0.152642392,0.181319069,0.185010001
AA-22,0.029858795,0.032208902,0.687268123
AB-22,0.132513874,0.13362342,0.267558165
AC-22,0.05275516,0.054758749,0.540620914
AD-22,0.094067516,0.104892358,0.359859024
AE-22,0.141974763,0.14574568,0.293229842
AF-22,0.087246621,0.092751351,0.44103006
AG-22,0.391462187,0.404831036,0.036472629
AH-22,0.29301759,0.313070773,0.037123188
AI-22,0.350237604,0.372501105,0.345831793
AJ-22,0.317906509,0.342448718,0.347017573
AK-22,0.306552138,0.480009233,0.207725435
AL-22,0.093245866,0.913486185,0.007304066
AM-22,0.158173221,0.551642363,0.252439108
AN-22,0.066549608,0.927864164,0.038410296
AQ-22,0.001761925,0.896367404,0.000126238
AR-22,0.000908714,0.94637863,0
AS-22,0.033779556,0.635468984,0.129056982
AT-22,0.100284017,0.535558287,0.170452056
AU-22,0.1191286,0.136756776,0.134565653
AV-22,0.130916502,0.144345553,0.100664484
AW-22,0.162258475,0.169333343,0.106977843
AX-22,0.198008081,0.214422771,0.00418151
AY-22,0.277238061,0.301773281,0.047903641
AZ-22,0.518677479,0.520627048,0.236607353
BA-22,0.408052486,0.593545316,0.065982341
BB-22,0.059034044,0.94278158,0.00242928
D-21,0.088896955,0.224857003,0.667709352
E-21,0.197638226,0.302709735,0.624743572
F-21,0.058245184,0.074815265,0.844109176
G-21,0.098753432,0.103855259,0.792002413
H-21,0.067557068,0.11918102,0.755332925
I-21,0.045764674,0.188942127,0.638036264
J-21,0.056205965,0.103073755,0.681342071
K-21,0.033100453,0.089047978,0.7685076
L-21,0.026571269,0.072808814,0.661042606
M-21,0.047321839,0.183173165,0.525587844
N-21,0.070233675,0.128384195,0.448413596
O-21,0.072886838,0.11910931,0.412740752
P-21,0.180528071,0.225983363,0.335792463
Q-21,0.246828428,0.338919394,0.279285483
R-21,0.063723344,0.141300621,0.484455363
S-21,0.044650774,0.099752889,0.471324224
T-21,0.065080048,0.10081635,0.481015659
U-21,0.023493841,0.024791181,0.605294382
V-21,0.057527531,0.098680635,0.48176161
W-21,0.195339414,0.261675994,0.274126027
X-21,0.196157894,0.240708891,0.195700109
Y-21,0.138825748,0.144656488,0.369144504
Z-21,0.231557407,0.236939536,0.062570218
AA-21,0.21669047,0.235204547,0.155322729
AB-21,0.15721209,0.174680303,0.088522999
AC-21,0.172572064,0.190975099,0.096203465
AD-21,0.252402005,0.28164737,0.072968418
AE-21,0.274707285,0.28800939,0.165288791
AF-21,0.294557625,0.345384742,0.04957413
AG-21,0.189242717,0.209930918,0.049036816
AH-21,0.213370272,0.252931381,0.020618613
AI-21,0.346289701,0.387404608,0.034015917
AJ-21,0.352728858,0.368855419,0.126676126
AK-21,0.492138825,0.517294949,0.157270747
AL-21,0.466058479,0.677743409,0.110644615
AM-21,0.013536545,0.885324568,0.063999695
AN-21,0.027375924,0.864698008,0.031030911
AR-21,9.12E-05,0.970513833,0.000264458
AS-21,0.007180689,0.960199141,0.003141552
AT-21,0.018513993,0.919558699,0.010716995
AU-21,0.106036627,0.310465752,0.189091808
AV-21,0.129795092,0.212641005,0.099384455
AW-21,0.154642172,0.162019497,0.033635876
AX-21,0.295595064,0.367273762,0.072789416
AY-21,0.339792136,0.360943746,0.044590813
AZ-21,0.258544246,0.581008694,0.124212784
BA-21,0.272988093,0.640550475,0.065100906
B-20,0.070762163,0.086332522,0.703279276
C-20,0.056423503,0.12552266,0.802544284
D-20,0.028453081,0.089040152,0.85366777
E-20,0.076290238,0.106620339,0.832027474
F-20,0.075821208,0.12162331,0.77744709
G-20,0.061055649,0.105226254,0.805072287
H-20,0.053630102,0.180108495,0.666866358
I-20,0.0781736,0.121675183,0.709900354
J-20,0.023789966,0.03337321,0.849435572
K-20,0.029293575,0.087117308,0.744229984
L-20,0.075121469,0.110975941,0.475094272
M-20,0.061269062,0.112243927,0.524473207
N-20,0.124537143,0.132975605,0.616276014
O-20,0.124371142,0.161579048,0.416254751
P-20,0.132665156,0.162744158,0.488427266
Q-20,0.131651984,0.15766127,0.478406453
R-20,0.122732092,0.143709032,0.295606696
S-20,0.054079981,0.117617552,0.434311313
T-20,0.042108474,0.094897513,0.25477336
U-20,0.047062679,0.075188245,0.59579041
V-20,0.064876427,0.134098899,0.395322811
W-20,0.096347692,0.109369679,0.147209051
X-20,0.241444263,0.254315311,0.157054728
Y-20,0.189433716,0.213011783,0.213939966
Z-20,0.315866462,0.326614882,0.126219052
AA-20,0.249725403,0.254254416,0.089941346
AB-20,0.281767712,0.288846499,0.044777189
AC-20,0.36169796,0.423951727,0.003904934
AD-20,0.182487265,0.264839276,0.064293118
AE-20,0.391904905,0.440003515,0.007246005
AF-20,0.426337899,0.470799781,0.026333489
AG-20,0.211850707,0.284642522,0.044241518
AH-20,0.344209244,0.359542716,0.039763382
AI-20,0.304122966,0.313062374,0.005122356
AJ-20,0.351078883,0.364350373,0.040422732
AK-20,0.374465655,0.39804917,0.105842055
AL-20,0.488104864,0.489672383,0.147826423
AM-20,0.112461989,0.952975767,0.0003753
AN-20,0.003028482,0.993018687,0
AO-20,0.004765383,0.971493745,0
AR-20,0.000303212,0.999149168,4.41E-05
AS-20,0.003705399,0.97451806,0
AT-20,0.00427992,0.993717025,0
AU-20,0.008086234,0.585105,0.047049175
AV-20,0.232359373,0.289681533,0.114828087
AW-20,0.136112494,0.421824426,0.071764379
AX-20,0.324097249,0.582810519,0.037920135
AY-20,0.205570161,0.608404487,0.052940875
C-19,0.063514316,0.178912553,0.758951069
D-19,0.071003496,0.089912086,0.845483565
E-19,0.051543007,0.074978186,0.869759874
F-19,0.069474339,0.133597232,0.783924913
G-19,0.041772962,0.093012446,0.807911887
H-19,0.041664198,0.180407217,0.589846238
I-19,0.050502479,0.076786716,0.831940632
J-19,0.034441766,0.114274445,0.665638969
K-19,0.032721296,0.061924947,0.781457748
L-19,0.054095641,0.067910721,0.727859024
M-19,0.06343201,0.085473743,0.698965889
N-19,0.098594992,0.099406001,0.547668071
O-19,0.089762414,0.098754888,0.672476573
P-19,0.147635721,0.165902244,0.570285839
Q-19,0.187425869,0.23341628,0.523582722
R-19,0.226427462,0.25180024,0.231191685
S-19,0.060475987,0.110033646,0.364141623
T-19,0.100256631,0.172728182,0.173315138
U-19,0.054001955,0.112045526,0.280518714
V-19,0.080566974,0.156988112,0.133992519
W-19,0.076857664,0.140900799,0.061429317
X-19,0.178608131,0.217910807,0.068932443
Y-19,0.2831608,0.297821868,0.005729401
Z-19,0.404096589,0.446873397,0.012207925
AA-19,0.28895841,0.328264988,0.1276666
AB-19,0.42913856,0.453358047,0.002381212
AC-19,0.410842418,0.490909929,0.004779296
AD-19,0.247456315,0.421400837,0.017338718
AE-19,0.420560403,0.502368523,0.06817989
AF-19,0.512459588,0.621990646,0.022434295
AG-19,0.433439645,0.438746617,0.034608765
AH-19,0.38797624,0.415343367,0.022080716
AI-19,0.251834471,0.264108552,0.045563881
AJ-19,0.197261075,0.234604659,0.100532157
AK-19,0.370251904,0.388227894,0.066294419
AL-19,0.510571876,0.511514355,0.051262348
AM-19,0.362812318,0.584508822,0.109401142
AN-19,0.384601853,0.64795719,0.020456797
AO-19,0.049723767,0.766283907,0.061337539
AP-19,0.193168625,0.681702455,0.028668665
AR-19,0.000529569,0.998279827,0
AS-19,0.083402814,0.780133772,0.001315217
AT-19,0.034062503,0.975336348,6.67E-05
AU-19,0.02798494,0.838317841,0.013720387
AV-19,0.21675934,0.841925754,0.003651385
AW-19,0.290309252,0.662180534,0.062538391
AX-19,0.019107065,0.957327122,0
C-18,0.095083204,0.121216402,0.81633901
D-18,0.013691269,0.015685814,0.925584276
E-18,0.037298078,0.047427869,0.891159573
F-18,0.040133386,0.136782503,0.745836807
G-18,0.029490323,0.16168377,0.656915245
H-18,0.043449707,0.212365852,0.516765676
I-18,0.082114353,0.154334985,0.685278188
J-18,0.076799937,0.095360435,0.542954269
K-18,0.057019174,0.085665375,0.69541014
L-18,0.134184749,0.157971528,0.557051701
M-18,0.139040783,0.144613046,0.674968682
N-18,0.267212589,0.27605257,0.187872919
O-18,0.185844261,0.193949983,0.21364646
P-18,0.144212471,0.165640509,0.253395649
Q-18,0.286655304,0.321083456,0.381034871
R-18,0.318975457,0.332063974,0.170753369
S-18,0.198262515,0.255147123,0.07199374
T-18,0.084263259,0.186907971,0.039343253
U-18,0.083011468,0.155134663,0.142188807
V-18,0.183730433,0.2168293,0.044855122
W-18,0.082716871,0.223848361,0.084359945
X-18,0.164432404,0.378654815,0.020090639
Y-18,0.310485317,0.345565863,0.018153634
Z-18,0.288207187,0.309534515,0.05357486
AA-18,0.385312404,0.418172694,0.050698414
AB-18,0.437806453,0.59286306,0.005824931
AC-18,0.291415667,0.473191268,0.010670706
AD-18,0.258665179,0.429754071,0.003350953
AE-18,0.364798379,0.498857839,0.040967259
AF-18,0.246277818,0.353489708,0.013771139
AG-18,0.397448765,0.410716078,0.009367786
AH-18,0.195060563,0.23093184,0.066925138
AI-18,0.227489094,0.279385224,0.040645556
AJ-18,0.250316249,0.265850701,0.029580014
AK-18,0.366654028,0.379183441,0.023029141
AL-18,0.571946184,0.574998554,0.029803518
AM-18,0.46052793,0.468731994,0.110396152
AN-18,0.482019046,0.485670465,0.032937405
AO-18,0.407599816,0.640597904,0.017302556
AP-18,0.406923418,0.484937815,0.051186802
AQ-18,0.127892345,0.891133147,0.014349042
AR-18,0.448463533,0.680862735,0.010050936
AS-18,0.039948552,0.951570304,0.000384746
AT-18,0.064174755,0.913630139,0.000231355
AU-18,0.000752769,0.993818005,0
AV-18,0.48572516,0.605362534,0.00296654
AW-18,0.027921103,0.924773613,4.09E-05
AX-18,0.251929661,0.515656514,0.038503662
AY-18,0.071089757,0.894252895,0.0041226
AZ-18,0.136714486,0.65325806,0.002837441
BA-18,0.129773348,0.692237119,0.000896599
C-17,0.012587392,0.014625047,0.919153025
D-17,0.012836782,0.02256213,0.908911111
E-17,0.049723198,0.096013529,0.837559649
F-17,0.038997529,0.191152962,0.566784396
G-17,0.029090337,0.163628463,0.487823151
H-17,0.109387691,0.146698177,0.484998722
I-17,0.110467479,0.120764343,0.579806311
J-17,0.149743378,0.15764133,0.492893535
K-17,0.165788611,0.228177059,0.218052421
L-17,0.163487154,0.200659905,0.224361951
M-17,0.177531095,0.192293357,0.462879896
N-17,0.199757844,0.644072353,0.073609343
O-17,0.213425255,0.552727491,0.112618788
P-17,0.467370562,0.478692303,0.067447269
Q-17,0.29108201,0.327661575,0.229529228
R-17,0.326923655,0.340520094,0.176244209
S-17,0.296002113,0.312316924,0.070750582
T-17,0.223730445,0.23191433,0.009859015
U-17,0.128112733,0.209178628,0.013370516
V-17,0.090505564,0.12593885,0.007332192
W-17,0.13039138,0.177487353,0.041366768
X-17,0.138443577,0.214689255,0.009345759
Y-17,0.401834309,0.43367345,0.000196654
Z-17,0.318451603,0.334858668,0.016070539
AA-17,0.326898657,0.357380181,0.019333995
AB-17,0.448465479,0.507821591,0.006235842
AC-17,0.391296693,0.544250738,0.010632838
AD-17,0.328856903,0.474191432,4.51E-05
AE-17,0.299243921,0.404031172,0.00297225
AF-17,0.250312564,0.314513688,0.001618753
AG-17,0.200932707,0.233704793,0.04274905
AH-17,0.302182565,0.320791431,0.015901575
AI-17,0.233955762,0.314998221,0.025383477
AJ-17,0.287812701,0.318719003,0.003073898
AK-17,0.423218975,0.428472433,0.007257451
AL-17,0.456807346,0.478294629,0.001541655
AM-17,0.594417277,0.595724557,0.028205786
AN-17,0.331022126,0.347707562,0.067478723
AO-17,0.386640696,0.424431813,3.56E-05
AP-17,0.509515976,0.535628272,9.21E-05
AQ-17,0.636914784,0.647183978,0.007064636
AR-17,0.468710166,0.621730106,0.036655524
AS-17,0.385090667,0.502946057,0.082851064
AT-17,0.526035067,0.528456584,0.003124659
AU-17,0.523521458,0.591961988,0.006953991
AV-17,0.484584305,0.492732561,0.034112124
AW-17,0.316239268,0.353032619,0.151988658
AX-17,0.350799022,0.478734725,0.165459673
AY-17,0.323701036,0.722096584,0.019280106
BA-17,0.21460241,0.742756627,0.000308434
C-16,0.026663345,0.036873474,0.86629261
D-16,0.077439559,0.08008624,0.865623656
E-16,0.040460791,0.087949709,0.764335093
F-16,0.066392423,0.223605437,0.367744514
G-16,0.084186846,0.379671202,0.377878306
H-16,0.120561451,0.17382878,0.508026
I-16,0.095379372,0.096160706,0.60165741
J-16,0.342237429,0.352632486,0.373589317
K-16,0.205143352,0.244411144,0.268546322
L-16,0.240909737,0.475124326,0.069287386
M-16,0.251792886,0.307804526,0.217297762
N-16,0.317495411,0.500531404,0.095061637
O-16,0.271732669,0.652098011,0.106364146
P-16,0.517157759,0.554911838,0.040728482
Q-16,0.384769123,0.39647952,0.130580839
R-16,0.343623068,0.398698469,0.155064035
S-16,0.486060627,0.504455844,0.028327917
T-16,0.272540405,0.282407013,0.038233104
U-16,0.203943594,0.22766253,0.006795981
V-16,0.105166338,0.13479274,0.009936723
W-16,0.042095549,0.090319062,0.004948421
X-16,0.159042814,0.178562024,0.119816838
Y-16,0.105151612,0.120421309,0.095485145
Z-16,0.066526979,0.074612671,0.054765973
AA-16,0.217109522,0.239904352,0.003659478
AB-16,0.264348521,0.294874831,0.079388868
AC-16,0.37335706,0.417905378,0.000458561
AD-16,0.239563421,0.326115745,3.41E-05
AE-16,0.235441213,0.273252445,0.000617134
AF-16,0.131257081,0.1546315,0.048277704
AG-16,0.284059705,0.315386198,0.000532205
AH-16,0.397920965,0.414607808,0.009190268
AI-16,0.287317623,0.297604916,0.00108327
AJ-16,0.313837527,0.373109276,0.003879964
AK-16,0.200529188,0.233416625,3.77E-05
AL-16,0.09748769,0.133377286,0.004349795
AM-16,0.366232536,0.370701548,0.027089612
AN-16,0.143622523,0.410925997,0.035499259
AO-16,0.167786451,0.202325502,0.002736551
AP-16,0.379329878,0.396723274,0.00249695
AQ-16,0.74092835,0.750377926,3.40E-05
AR-16,0.240933315,0.252512603,0
AS-16,0.477162237,0.502004273,0.034385923
AT-16,0.776622752,0.782374516,6.63E-05
AU-16,0.581567123,0.590121551,0.002268348
AV-16,0.043548693,0.390672603,0.002258431
AW-16,0.365569603,0.398036118,0.179323569
AX-16,0.171072407,0.340894938,0.281010903
AY-16,0.19628925,0.487709576,0.036852119
C-15,0.032846028,0.04483499,0.883185595
D-15,0.067900091,0.075141419,0.843898136
E-15,0.060438233,0.113904141,0.68794944
F-15,0.047559767,0.293647051,0.290943424
G-15,0.08805736,0.290322458,0.409623339
H-15,0.138901935,0.198959896,0.390708943
I-15,0.173377557,0.174064114,0.405580321
J-15,0.315409155,0.321062087,0.200851853
K-15,0.153531761,0.160713199,0.185863446
L-15,0.242225981,0.350426502,0.168945544
M-15,0.233460438,0.448948775,0.042022384
N-15,0.348948559,0.398283712,0.151621309
O-15,0.420374995,0.487886562,0.17576894
P-15,0.514806026,0.592716401,0.079714475
Q-15,0.462045514,0.477282841,0.110826262
R-15,0.583769883,0.622181198,0.064589045
S-15,0.257366184,0.274005116,0.160216046
T-15,0.221819612,0.285141007,0.063046483
U-15,0.150608963,0.162820552,0.11058325
V-15,0.075912417,0.204289415,0.16559724
W-15,0.068658737,0.104861378,0.049642652
X-15,0.027409212,0.030351163,0.032077006
Y-15,0.080829116,0.194607208,0.197722384
Z-15,0.096453397,0.750277302,0.000295916
AA-15,0.065481828,0.309332268,0.04831403
AB-15,0.066530353,0.520869965,0.003507124
AC-15,0.217272489,0.22165023,0.004934942
AD-15,0.074277859,0.104116153,0.006456786
AE-15,0.108981503,0.111018345,0.135296892
AF-15,0.06874432,0.070985651,0.070689734
AG-15,0.118525351,0.123344491,0.005539919
AH-15,0.105516769,0.112973771,0.021769635
AI-15,0.35550074,0.409435491,5.52E-05
AJ-15,0.250357479,0.29130004,0.00016991
AK-15,0.190497835,0.24440252,0.000167359
AL-15,0.029626773,0.609485226,0.000334108
AM-15,0.075340082,0.846720131,0.003225383
AO-15,0.020065916,0.844181531,5.52E-05
AP-15,0.009990435,0.932630904,0
AQ-15,0.197055249,0.229163378,0.000133126
AR-15,0.177486574,0.500564143,0.001065286
AS-15,0.500711273,0.51339627,0
AT-15,0.371822016,0.536089225,0
AU-15,0.280546041,0.561422994,0.000330911
AW-15,0.063875401,0.871029567,0
AY-15,0.082048748,0.565909091,0.002964427
C-14,0.023368355,0.037180848,0.810964134
D-14,0.07187518,0.085809654,0.824363685
E-14,0.051602839,0.180450868,0.519652429
F-14,0.080932785,0.202254044,0.454477593
G-14,0.073437362,0.145876216,0.333521153
H-14,0.080804719,0.152584535,0.195889062
I-14,0.105000192,0.127082295,0.27859826
J-14,0.067714536,0.15338842,0.24377002
K-14,0.179012772,0.211597136,0.136796069
L-14,0.157439989,0.315591819,0.046246578
M-14,0.226166816,0.37094731,0.026190964
N-14,0.306018478,0.349865132,0.015570468
O-14,0.537116146,0.573470479,0.139205912
P-14,0.421984813,0.50349092,0.034462856
Q-14,0.577791321,0.601553891,0.059508957
R-14,0.504265315,0.525159011,0.040171305
S-14,0.431812781,0.460025604,0.079937292
T-14,0.322351081,0.385522281,0.042423881
U-14,0.01674438,0.750145174,0.008329069
V-14,0.001171672,0.99376455,6.73E-05
W-14,0.061998954,0.400095442,0.056006041
X-14,0.032719549,0.527847305,0.0182827
Y-14,0.034746312,0.324219693,0.033667317
Z-14,0.015244911,0.743368348,0.001250529
AC-14,0.021491116,0.381909057,0
AD-14,0.007387769,0.666138236,0.001629542
AE-14,0.054033646,0.068731242,0.030564254
AF-14,0.03357196,0.034737841,0.016941816
AG-14,0.081980597,0.096781798,0.038945383
AH-14,0.150960893,0.408469401,0.098902029
AI-14,0.116184314,0.135335954,0.004478873
AJ-14,0.080126824,0.320349535,0.001217832
AK-14,0.094946971,0.230797683,0.000364134
AQ-14,0.007683256,0.973788004,0
AS-14,0.009760763,0.914393531,0
AU-14,0.182079523,0.756672793,0
B-13,0.00901397,0.012496243,0.923733168
C-13,0.036340811,0.052149141,0.763456394
D-13,0.055131683,0.060585907,0.876135004
E-13,0.074277591,0.124072182,0.774577158
F-13,0.105498434,0.148962113,0.614024069
G-13,0.111071843,0.278697358,0.078391839
H-13,0.084548523,0.159926168,0.161612989
I-13,0.068945671,0.145189949,0.277561466
J-13,0.027574574,0.127178075,0.054926178
K-13,0.051965584,0.171694815,0.067460432
L-13,0.115542035,0.530720148,0.017294564
M-13,0.231665959,0.363640929,0.016499285
N-13,0.272927326,0.316037544,0.030945904
O-13,0.528781807,0.553219062,0.027004008
P-13,0.458994812,0.482682002,0.058243693
Q-13,0.747902049,0.751001899,0.042592517
R-13,0.58549259,0.593647482,0.102525574
S-13,0.419115162,0.449424162,0.032574498
T-13,0.32768676,0.442356089,0.006863524
U-13,0.221196021,0.306211095,0.037035964
V-13,0.123445516,0.37360935,0.025152879
Y-13,0.014742067,0.641481739,0.004057786
Z-13,0.000422667,0.934377981,0
AA-13,0.004111888,0.926248679,0
AE-13,0.009658859,0.880964843,0.006976165
AF-13,0.012340844,0.853643215,0.001401796
AG-13,0.097014118,0.108586824,0.016787377
AH-13,0.19077256,0.296159499,0.070547496
AI-13,0.049258943,0.847906616,0.00390711
AJ-13,0,0.999798359,0
AK-13,0.005382699,0.97954304,0
B-12,0.008687106,0.015740739,0.925315508
C-12,0.030990581,0.045798793,0.897058795
D-12,0.04729405,0.057202256,0.880228137
E-12,0.105786018,0.114990472,0.778842018
F-12,0.106340064,0.13175778,0.737412807
G-12,0.056892609,0.194073281,0.047855579
H-12,0.063294157,0.118487255,0.047002159
I-12,0.071486685,0.125531849,0.028004531
J-12,0.124607494,0.154306092,0.115699282
K-12,0.152055013,0.475432491,0.02761947
L-12,0.287091858,0.590949059,0.004023292
M-12,0.399370928,0.475599146,0.029719351
N-12,0.391547067,0.477463729,0.094396952
O-12,0.160132901,0.277943114,0.075682167
P-12,0.229285859,0.325789017,0.04988706
Q-12,0.569712966,0.59412462,0.031605521
R-12,0.586402023,0.591622996,0.036537041
S-12,0.598095642,0.624796358,0.016491848
T-12,0.40619022,0.47425138,0.015471643
U-12,0.402545103,0.437243441,0.001329386
V-12,0.394445291,0.413986815,0.00118019
W-12,0.093481701,0.566482213,0.006935023
X-12,0.012890254,0.829994021,0.000484581
AA-12,4.28E-05,0.991910746,0
AG-12,0.057570844,0.643622498,0.023078555
AH-12,0.115868373,0.560128493,0.042379621
AI-12,0.193712009,0.634250924,0.029384573
AJ-12,0.094777238,0.830846909,0
B-11,0.02265875,0.039704999,0.890034364
C-11,0.024937181,0.033962272,0.902579634
D-11,0.038116601,0.042240401,0.896566257
E-11,0.09988643,0.102393202,0.792069342
F-11,0.135131197,0.158135771,0.729448178
G-11,0.118521076,0.17269872,0.221144132
H-11,0.123381981,0.142222187,0.308581973
I-11,0.124893583,0.153054419,0.10660944
J-11,0.148466516,0.267381912,0.156414559
K-11,0.183017447,0.437302612,0.062379605
L-11,0.315813726,0.596260033,0.006969115
M-11,0.372299629,0.655174375,0.004140913
N-11,0.460089366,0.570594155,0.045279905
O-11,0.178470127,0.369765042,0.028546825
P-11,0.293186902,0.352405202,0.037844416
Q-11,0.229897526,0.283096111,0.028774706
R-11,0.281906011,0.3249167,0.060184638
S-11,0.440585106,0.492649886,0.029200373
T-11,0.339445928,0.41211176,0.036106451
U-11,0.435070794,0.459120101,0.00048844
V-11,0.548465359,0.590516851,0.000108309
W-11,0.381443906,0.403260989,0.00032759
X-11,0.210172682,0.306145397,0.000486401
AI-11,0.16490906,0.425939221,0.000490404
AJ-11,0.083159547,0.666599712,9.45E-05
AK-11,0.034824143,0.848045274,0
AL-11,0,0.999915321,0
B-10,0.019727937,0.02809941,0.904500113
C-10,0.013170875,0.019837371,0.925049376
D-10,0.042375505,0.050075812,0.887192484
E-10,0.163543411,0.24422285,0.561531664
F-10,0.156490633,0.194352743,0.642448918
G-10,0.095448408,0.144153192,0.493257523
H-10,0.107465015,0.139208148,0.388840485
I-10,0.087055628,0.107173218,0.25315227
J-10,0.181329761,0.308050015,0.137826734
K-10,0.302378637,0.427523941,0.033212346
L-10,0.435112762,0.459530695,0.039527559
M-10,0.304761528,0.516834874,0.004396778
N-10,0.280343597,0.372085915,0.020337563
O-10,0.210591036,0.37972101,0.003471563
P-10,0.374010122,0.417908108,0.000928848
Q-10,0.31113255,0.380287176,0.011090836
R-10,0.274616201,0.303440542,0.028340065
S-10,0.315756386,0.35839101,0.016590456
T-10,0.417601305,0.435928225,0.018275317
U-10,0.422068371,0.455156694,0.002921942
V-10,0.408684762,0.463526699,7.74E-05
W-10,0.455945499,0.47895332,9.69E-05
X-10,0.322869199,0.388837507,0.000144885
Y-10,0.135259684,0.429951347,0.00055948
Z-10,0.10177057,0.504843713,0.000222289
AB-10,0.000178625,0.995522477,0
B-9,0.030398505,0.060656981,0.746627778
C-9,0.037359305,0.05713483,0.849602397
D-9,0.090054371,0.112110871,0.814090074
E-9,0.115636607,0.125015941,0.789555802
F-9,0.116554135,0.119954081,0.76999568
G-9,0.129712015,0.14598703,0.624991284
H-9,0.579452937,0.629690382,0.108870468
I-9,0.203717983,0.313587774,0.0674537
J-9,0.196277442,0.701985298,0.049881482
K-9,0.298863675,0.3286815,0.25145403
L-9,0.32125111,0.358948046,0.150069613
M-9,0.40240333,0.444396846,0.016884279
N-9,0.512808305,0.521931948,0.004492809
O-9,0.365472858,0.404162225,0.068285199
P-9,0.42582461,0.46644249,0.005991162
Q-9,0.36986981,0.381432289,0.027789401
R-9,0.376741553,0.424325833,0.061230654
S-9,0.442806619,0.528232563,0.017717206
T-9,0.193841341,0.466922311,0.00133623
U-9,0.341539081,0.460265719,0.003735923
V-9,0.301617085,0.46090712,0.000952168
W-9,0.309439887,0.389379156,0
X-9,0.268599125,0.410168908,4.80E-05
Y-9,0.262451607,0.333808876,0
Z-9,0.237905871,0.348347309,0
AA-9,0.119575115,0.398717216,0.001978572
AB-9,0.126193939,0.197451197,0.000180028
AC-9,0.000980339,0.936479187,0.000139479
AD-9,0.004694789,0.962111635,0
AE-9,0.004786024,0.988606793,0
AF-9,0.146954158,0.605043698,0
B-8,0.015679467,0.024417388,0.914616763
C-8,0.000232953,0.002231125,0.940189375
D-8,0.0669746,0.07802917,0.823913192
E-8,0.09381941,0.103744181,0.784910412
F-8,0.076072996,0.077619458,0.829413413
G-8,0.263610494,0.270719741,0.535884629
H-8,0.953703125,0.959880881,0.000935535
I-8,0.21428055,0.990635606,0.000206848
J-8,0.197981415,0.913032696,0.000729852
K-8,0.668921253,0.729821186,0.104245825
L-8,0.963580425,0.964413091,0.00277421
M-8,0.778972228,0.784045016,0.032748202
N-8,0.866470428,0.872881783,0.004012137
O-8,0.73609789,0.744602828,0.009653657
P-8,0.729930363,0.758872012,0.0007621
Q-8,0.335230445,0.40369515,0.016332965
R-8,0.244422357,0.344436873,0.002879044
S-8,0.228282414,0.369837072,0.000347425
T-8,0.31321094,0.363874451,7.86E-05
U-8,0.265743956,0.448715039,0.000379554
V-8,0.245534441,0.49546178,0
W-8,0.253957581,0.498283404,0
X-8,0.237554759,0.485493679,3.86E-05
Y-8,0.183438631,0.313277933,0
Z-8,0.161185615,0.325362524,0.000193681
AA-8,0.168916107,0.268885346,2.61E-05
AB-8,0.120890422,0.303880669,0
AC-8,0.196634914,0.229644934,0.000176899
AD-8,0.107085411,0.493485604,0.000643397
AE-8,0.001008646,0.997622478,0
AF-8,0.005179509,0.980621708,0
AG-8,0.052515102,0.667600492,0
AH-8,0.05241564,0.812291203,0
A-7,0.01725129,0.044884121,0.885108795
B-7,0.011333016,0.019705264,0.928772897
C-7,0.007195992,0.009155407,0.92589039
D-7,0.075378682,0.078241909,0.798043901
E-7,0.115594336,0.120879076,0.733908967
F-7,0.496006326,0.536764362,0.354260901
G-7,0.361560525,0.362321598,0.549227895
H-7,0.661225162,0.661448702,0.230762353
I-7,0.957702179,0.966209105,0.011322328
J-7,0.994551931,0.995824028,0.000367811
K-7,0.535727153,0.957050906,0.022366157
L-7,0.991830846,0.992011705,0.001727309
M-7,0.971320368,0.972105723,0.001386516
N-7,0.795470756,0.80323558,0.003552189
O-7,0.782000498,0.785253225,0.005714031
P-7,0.48240047,0.484306637,0.008027036
Q-7,0.347086578,0.39549754,0.00189458
R-7,0.229128522,0.276895721,0.000264177
S-7,0.242603501,0.306347056,0.001385958
T-7,0.136622537,0.386139854,0.000128501
U-7,0.266925765,0.428424569,0
V-7,0.011164868,0.700781541,0
Y-7,0.210624858,0.471556094,0
AA-7,0.025024695,0.347382285,0
AG-7,0.002156534,0.990765609,0
AI-7,0.000424087,0.997337811,0
A-6,0.018080401,0.06202871,0.872357919
B-6,0.007017458,0.019335902,0.921134509
C-6,0.024924413,0.027107365,0.907381641
D-6,0.185579596,0.1920604,0.584857777
E-6,0.228292382,0.229426754,0.598711794
F-6,0.359348854,0.418609843,0.4128648
G-6,0.407390029,0.407677682,0.498875909
H-6,0.900382828,0.902859226,0.016179546
I-6,0.974595843,0.974734574,0.000328467
J-6,0.950013212,0.950502756,0.000661602
K-6,0.942782238,0.944504177,0.01621561
L-6,0.966230042,0.967256229,0.008352877
M-6,0.978373923,0.978690153,0.003568303
N-6,0.78723846,0.80320897,0.025309284
O-6,0.661518593,0.669622218,0.040118249
P-6,0.672264587,0.704051682,0.024825027
Q-6,0.276324621,0.4286099,0.00463115
R-6,0.139324013,0.464163466,0.000574589
S-6,0.154620875,0.431565248,0
U-6,0.070822696,0.520382113,0
A-5,0.006522977,0.04011261,0.891466045
B-5,0.028106057,0.045957006,0.887270205
C-5,0.014029358,0.019417356,0.850077941
D-5,0.248612591,0.258051929,0.538822684
E-5,0.149925765,0.150258897,0.6945243
F-5,0.196948336,0.198502653,0.657179069
G-5,0.478008712,0.480122903,0.354260671
H-5,0.749912772,0.751017316,0.12466683
I-5,0.921364073,0.925725766,0.000791727
J-5,0.766106937,0.767000935,0.128576767
K-5,0.76059585,0.762934131,0.14751959
L-5,0.733260645,0.757233525,0.183474663
M-5,0.883510227,0.894935191,0.052993446
N-5,0.405115067,0.483099604,0.246494067
O-5,0.501748935,0.555411132,0.040378742
P-5,0.084718688,0.805876999,0.006111039
Q-5,0.185805661,0.60147414,0.000219242
A-4,0.024416585,0.060773023,0.879370173
B-4,0.025092687,0.031362691,0.899836279
C-4,0.071131711,0.076558416,0.745392586
D-4,0.411655025,0.419512845,0.411285072
E-4,0.171019846,0.172856474,0.720517572
F-4,0.153572986,0.227085529,0.661959968
G-4,0.123810787,0.127415216,0.744663828
H-4,0.3729334,0.493853516,0.380173795
I-4,0.637368993,0.670008872,0.218207937
J-4,0.28541609,0.812415584,0.14628238
K-4,0.347195519,0.52716656,0.334385657
A-3,0.039228333,0.110205993,0.810586349
C-3,0.09448997,0.118900654,0.71684049
E-3,0.670446463,0.722600548,0.167152662
G-3,0.575423824,0.577506551,0.213974425
I-3,0.043918609,0.94708533,0.044656124
J-3,0.005903761,0.999873933,0
K-3,0,1,0
I-2,0.677680368,0.98842944,0.000119846
J-2,0.379951083,0.981953641,0.00044251
I-1,0.836551274,0.955884438,0.01131241
